Job ID,Job URL,Job Title,Company Name,Status,Timestamp,WP ID
28fa0c528ce610c5,https://gy.linkedin.com/jobs/view/funded-traineeship-for-young-graduates-at-the-eu-delegation-to-guyana-suriname-and-caricom-at-eubam-libya-4437127377,"Funded traineeship for young graduates at the EU Delegation to Guyana, Suriname and CARICOM",,scraped,2026-07-07T00:35:55.807906,
8413899437b7fcac,https://gy.linkedin.com/jobs/view/director-of-marketing-at-pikes-peak-post-acute-4436137915,Director of Marketing,Pikes Peak Post Acute,posted,2026-07-07T00:36:13.207597,20
65be4dfb2ee3f772,https://gy.linkedin.com/jobs/view/procurement-admin-assistant-at-mowlem-international-ltd-4434392984,Procurement/Admin Assistant,,scraped,2026-07-07T00:36:15.827952,
0e40d4083a6e5d98,https://gy.linkedin.com/jobs/view/early-careers-field-operations-at-slb-4433151523,Early Careers - Field Operations,SLB,posted,2026-07-07T00:36:34.470532,22
ff97a19d4e3fab44,https://gy.linkedin.com/jobs/view/event-support-specialist-at-city-of-mission-texas-4434614712,Event Support Specialist,City of Mission Texas,posted,2026-07-07T00:36:44.375707,24
706dd3bad9a8c7a6,https://gy.linkedin.com/jobs/view/dietary-aide-at-pikes-peak-post-acute-4435372041,Dietary Aide,Pikes Peak Post Acute,posted,2026-07-07T00:36:53.344728,26
f4ce2a99ea52fb5b,https://gy.linkedin.com/jobs/view/accounts-clerk-receivables-at-rentokil-initial-4435112657,Accounts Clerk Receivables,,scraped,2026-07-07T00:36:55.877322,
fdea7a09832b21b6,https://gy.linkedin.com/jobs/view/secl-jobs-check-vacancies-eligibility-and-how-to-apply-at-the-kashmir-monitor-4434613215,"SECL jobs: Check vacancies, eligibility, and how to apply",,scraped,2026-07-07T00:37:02.259454,
d609379cb8dfca58,https://gy.linkedin.com/jobs/view/support-workers-at-bestcare24-4436265055,Support Workers,,scraped,2026-07-07T00:37:09.238362,
b6a9dfaf3d062e2a,https://gy.linkedin.com/jobs/view/ux-ui-designer-at-the-flex-4436385369,UX/UI Designer,,scraped,2026-07-07T00:37:16.223916,
0b35167713d10146,https://gy.linkedin.com/jobs/view/senior-marketing-analyst-at-empresa-confidencial-4436912186,Senior Marketing Analyst,Empresa Confidencial,posted,2026-07-07T00:37:32.189503,28
3328de3f86633926,https://gy.linkedin.com/jobs/view/contador-at-%C3%A1lya-construtora-4436350772,Contador,,scraped,2026-07-07T00:37:34.723330,
55b314169e0d56e6,https://gy.linkedin.com/jobs/view/guyana-georgetown-hr-intern-at-halliburton-4435462832,Guyana - Georgetown: HR Intern,Halliburton,posted,2026-07-07T00:38:52.807848,30
d779377b5057c99a,https://gy.linkedin.com/jobs/view/rig-supervisor-iii-at-brunel-4435204850,Rig Supervisor III,,scraped,2026-07-07T00:38:55.369513,
f7226704070399e6,https://gy.linkedin.com/jobs/view/maintenance-intern-mechanical-at-slb-4433741025,Maintenance Intern - Mechanical,SLB,posted,2026-07-07T00:39:08.042698,32
9adb85964a4c729e,https://gy.linkedin.com/jobs/view/content-safety-specialist-at-telus-digital-ai-data-solutions-4437407349,Content Safety Specialist,TELUS Digital AI Data Solutions,posted,2026-07-07T00:39:16.265028,34
c37e43b1f0b77650,https://gy.linkedin.com/jobs/view/geography-map-specialist-intermediate-ai-community-at-telus-digital-4437417478,Geography & Map Specialist - Intermediate (AI Community),,scraped,2026-07-07T00:39:18.939366,
1482b5c1e11d7394,https://gy.linkedin.com/jobs/view/hatchery-management-expert-at-fao-4433190594,Hatchery Management Expert,,scraped,2026-07-07T00:39:25.419142,
099e135de90731f3,https://gy.linkedin.com/jobs/view/ai-data-annotator-at-telus-digital-ai-data-solutions-4437412097,AI Data Annotator,TELUS Digital AI Data Solutions,posted,2026-07-07T00:39:36.672998,36
e8f61aaae4245476,https://gy.linkedin.com/jobs/view/business-logic-specialist-intermediate-ai-community-at-telus-digital-4437419460,Business Logic Specialist- Intermediate  (AI Community),,scraped,2026-07-07T00:39:39.269296,
73b893d36844d0e0,https://gy.linkedin.com/jobs/view/mobility-analyst-personnel-logistics-at-airswift-4432709216,Mobility Analyst / Personnel Logistics,Airswift,posted,2026-07-07T00:39:54.286071,38
4603912772c3f015,https://gy.linkedin.com/jobs/view/materials-engineering-specialist-at-telus-digital-ai-data-solutions-4437195911,Materials Engineering Specialist,TELUS Digital AI Data Solutions,posted,2026-07-07T00:40:03.474536,40
d981a4ff65dfeb82,https://gy.linkedin.com/jobs/view/legal-content-expert-ai-community-at-telus-digital-4437418494,Legal Content Expert (AI Community),,scraped,2026-07-07T00:40:06.150866,
94812ffed5a040e5,https://gy.linkedin.com/jobs/view/electronics-circuit-logic-specialist-intermediate-ai-community-at-telus-digital-4437409673,Electronics & Circuit Logic Specialist- Intermediate (AI Community),,scraped,2026-07-07T00:40:12.638932,
c39dc8a733ae8c99,https://gy.linkedin.com/jobs/view/vessel-management-at-airswift-4432702850,Vessel Management,Airswift,posted,2026-07-07T00:41:31.417718,42
5c2362c96b1cb87b,https://gy.linkedin.com/jobs/view/machine-learning-consultant-intermediate-ai-community-at-telus-digital-4437405834,Machine Learning Consultant- Intermediate (AI Community),,scraped,2026-07-07T00:41:34.088371,
627703103ea88ea2,https://gy.linkedin.com/jobs/view/human-ai-interaction-ux-specialist-intermediate-ai-community-at-telus-digital-4437427019,Human-AI Interaction & UX Specialist- Intermediate  (AI Community),,scraped,2026-07-07T00:41:40.461189,
ec1d601f6db6b019,https://gy.linkedin.com/jobs/view/math-ai-evaluation-specialist-intermediate-ai-community-at-telus-digital-4437410584,Math & AI Evaluation Specialist- Intermediate (AI Community),,scraped,2026-07-07T00:41:46.887212,
9ba017e0df15eedd,https://gy.linkedin.com/jobs/view/chemistry-lab-data-specialist-at-telus-digital-ai-data-solutions-4437419056,Chemistry & Lab Data Specialist,TELUS Digital AI Data Solutions,posted,2026-07-07T00:41:58.121008,44
777a052a7a09593e,https://gy.linkedin.com/jobs/view/credit-management-analyst-at-sbm-offshore-4384288269,Credit Management Analyst,,scraped,2026-07-07T00:42:00.888635,
c6eefacdd551ac60,https://gy.linkedin.com/jobs/view/senior-operations-cost-controller-at-sbm-offshore-4376426518,Senior Operations Cost Controller,,scraped,2026-07-07T00:42:08.022336,
b4f8d323262e6330,https://gy.linkedin.com/jobs/view/gp-operator-ordinary-seaman-at-sbm-offshore-4401837394,GP Operator Ordinary Seaman,,scraped,2026-07-07T00:42:14.917954,
d66f2f3b61b8cd04,https://gy.linkedin.com/jobs/view/l1-support-professional-at-compugroup-medical-se-co-kgaa-4415910595,L1 Support Professional,,scraped,2026-07-07T00:42:21.820679,
51ac1690f1ce6313,https://gy.linkedin.com/jobs/view/laboratory-technician-at-mowlem-international-ltd-4435548486,Laboratory Technician,,scraped,2026-07-07T12:17:11.713137,
9ee89c0da2469598,https://gy.linkedin.com/jobs/view/business-development-manager-gy-at-ey-4433718202,Business Development Manager GY,EY,posted,2026-07-07T12:17:36.900591,46
4aa07375e0de37b2,https://gy.linkedin.com/jobs/view/procurement-assistant-at-mowlem-international-ltd-4435544751,Procurement Assistant,,scraped,2026-07-07T12:17:39.561657,
a7ff2fe05f2015e5,https://gy.linkedin.com/jobs/view/technician-facilities-management-rainforest-wild-adventure-east-at-mandai-wildlife-group-4432350990,"Technician, Facilities Management - Rainforest Wild Adventure EAST",,scraped,2026-07-07T12:17:52.348422,
354f06f39a8391d9,https://gy.linkedin.com/jobs/view/service-delivery-coordinator-at-baker-hughes-4436150826,Service Delivery Coordinator,Baker Hughes,posted,2026-07-07T12:18:05.937352,48
da0edc026dc81782,https://gy.linkedin.com/jobs/view/alpine-professional-driver-winter-2026-2027-at-alsa-4422251963,Alpine Professional Driver - Winter 2026-2027,,scraped,2026-07-07T12:18:08.550803,
e09d17c851251e6b,https://gy.linkedin.com/jobs/view/support-specialist-at-nextwave-energy-monitoring-apac-4436957870,Support Specialist,NextWave Energy Monitoring - APAC,posted,2026-07-07T12:18:24.227364,50
6d1c3089b917d3e9,https://gy.linkedin.com/jobs/view/part-time-weekend-server-at-pikes-peak-post-acute-4437705335,Part time Weekend Server,Pikes Peak Post Acute,posted,2026-07-07T12:18:34.268333,52
98fa3c2cf7ce24f7,https://gy.linkedin.com/jobs/view/maintenance-intern-mechanical-at-slb-4434647072,Maintenance Intern - Mechanical,SLB,posted,2026-07-07T12:18:38.885636,32
058de4ff56c06ac2,https://gy.linkedin.com/jobs/view/operations-support-officer-at-regional-scholar-4435324340,Operations Support Officer,Regional Scholar,posted,2026-07-07T12:18:47.672474,54
876f83340356b4ca,https://gy.linkedin.com/jobs/view/oko-west-mechanical-material-coordinator-at-g-mining-ventures-corp-4433157282,Oko West - Mechanical Material Coordinator,,scraped,2026-07-07T12:18:50.306359,
cbff79b5b3adfe06,https://gy.linkedin.com/jobs/view/custodial-maintenance-assistant-part-time-at-animal-friends-4436536232,Custodial/Maintenance Assistant (Part-Time),Animal Friends,posted,2026-07-07T12:19:03.632081,56
ca14ac3cae96c440,https://gy.linkedin.com/jobs/view/senior-executive-park-operations-rainforest-wild-adventure-west-at-mandai-wildlife-group-4434461356,"Senior Executive, Park Operations - Rainforest Wild Adventure West",,scraped,2026-07-07T12:19:06.255696,
48a4df5509c8e4f8,https://gy.linkedin.com/jobs/view/accounts-payable-coordinator-at-global-edge-group-4435511139,Accounts Payable Coordinator,Global Edge Group,posted,2026-07-07T12:19:19.377618,58
8917e1cb11413066,https://gy.linkedin.com/jobs/view/operation-manager-at-siemens-energy-4435465621,Operation Manager,Siemens Energy,posted,2026-07-07T12:19:27.737964,60
3c14240e51cbc040,https://gy.linkedin.com/jobs/view/construction-manager-at-airswift-4423194052,Construction Manager,Airswift,posted,2026-07-07T12:19:36.108624,62
b7f278b1d55db559,https://gy.linkedin.com/jobs/view/marketing-coordinator-at-airswift-4423188586,Marketing Coordinator,Airswift,posted,2026-07-07T12:19:44.429008,64
f772ff7218a90b55,https://gy.linkedin.com/jobs/view/ai-video-creator-at-the-flex-4436763982,AI Video Creator,,scraped,2026-07-07T12:19:47.077804,
dd6c49cc1247028a,https://gy.linkedin.com/jobs/view/country-manager-at-airswift-4433993230,Country Manager,Airswift,posted,2026-07-07T12:20:04.986515,66
4a7cde3493eb0d7a,https://gy.linkedin.com/jobs/view/operations-coordinator-at-p%C3%A9rez-y-c%C3%ADa-group-4437833500,Operations Coordinator,,scraped,2026-07-07T20:32:48.042247,
c2cdf5cacb6bd3e2,https://gy.linkedin.com/jobs/view/fullstack-developer-senior-python-django-%2B-react-remote-latin-america-at-bluelight-4437852848,"Fullstack Developer (Senior) - Python (Django) + React - Remote, Latin America",Bluelight,posted,2026-07-07T20:33:10.686282,68
2830e0f181140bce,https://gy.linkedin.com/jobs/view/crane-operator%0Ashare-this-job-at-advance-global-recruitment-ltd-4437780526,"Crane Operator
Share this Job",,scraped,2026-07-07T20:33:15.437337,
7fc23728d77a4e27,https://gy.linkedin.com/jobs/view/fullstack-developer-senior-python-django-%2B-react-remote-latin-america-at-bluelight-4437864530,"Fullstack Developer (Senior) - Python (Django) + React - Remote, Latin America",Bluelight,posted,2026-07-07T20:33:24.878188,68
363ff1d9a28709fb,https://gy.linkedin.com/jobs/view/rig-supervisor-iii-at-global-edge-group-4433100046,Rig Supervisor III,Global Edge Group,posted,2026-07-07T20:33:41.371076,70
4b9028f6eedee1fc,https://gy.linkedin.com/jobs/view/lead-technical-support-engineer-at-mercor-4419126678,Lead Technical Support Engineer,Mercor,posted,2026-07-07T20:33:52.097653,72
d5816d62dba0f7cc,https://gy.linkedin.com/jobs/view/business-account-manager-at-digicel-group-4433110922,Business Account Manager,,scraped,2026-07-07T20:33:56.835142,
52aaf06abb198d54,https://gy.linkedin.com/jobs/view/protection-caseworker-avr-component-2-at-iom-un-migration-4437881081,"Protection Caseworker, AVR Component 2",IOM - UN Migration,posted,2026-07-07T20:34:13.388021,74
fd105947a9d552eb,https://gy.linkedin.com/jobs/view/shrimp-larviculture-specialist-at-fao-4434551314,Shrimp Larviculture Specialist,,scraped,2026-07-07T20:34:20.188783,
e5aeb8571b8bcc77,https://gy.linkedin.com/jobs/view/identity-trust-fraud-intelligence-specialist-at-telus-digital-ai-data-solutions-4437404659,Identity Trust & Fraud Intelligence Specialist,TELUS Digital AI Data Solutions,posted,2026-07-07T20:34:32.161478,76
bceb8e0c7e4fe489,https://gy.linkedin.com/jobs/view/computational-linguist-freelance-at-telus-digital-ai-data-solutions-4437409146,Computational Linguist (Freelance),TELUS Digital AI Data Solutions,posted,2026-07-07T20:34:41.600801,78
da00291c65440c65,https://gy.linkedin.com/jobs/view/cna-ft-nights-at-pikes-peak-post-acute-4436464056,CNA FT Nights,Pikes Peak Post Acute,posted,2026-07-08T07:18:42.957608,90
0fe8d568d5fca43b,https://gy.linkedin.com/jobs/view/installation-engineer-rigs-at-technipfmc-4437832110,Installation Engineer - RIGS,,scraped,2026-07-08T07:18:49.576214,
1a60a9c62750858f,https://gy.linkedin.com/jobs/view/senior-technical-support-engineer-upto-%2450k-yr-at-mercor-4416383056,Senior Technical Support Engineer | Upto $50K/yr,Mercor,posted,2026-07-08T07:19:32.247029,92
9a57182e56643d13,https://gy.linkedin.com/jobs/view/field-specialist-trainee-at-slb-4434823870,Field Specialist Trainee,SLB,posted,2026-07-08T18:56:29.621398,94
ae27af0063bd834f,https://gy.linkedin.com/jobs/view/media-project-manager-quality-controller-at-916-studios-4433988927,Media Project Manager (Quality Controller),,scraped,2026-07-08T18:56:38.284906,
62b83d1f4fe00be3,https://gy.linkedin.com/jobs/view/entrepreneur-in-residence-eir-at-the-flex-4436934823,Entrepreneur in Residence (EIR),,scraped,2026-07-08T18:56:44.781498,
9b0fb43163f06d43,https://gy.linkedin.com/jobs/view/food-and-beverage-manager-at-dc-global-talent-inc-4426658168,Food and Beverage Manager,DC Global Talent Inc.,posted,2026-07-08T18:57:00.983830,96
8721a1e285f103ff,https://gy.linkedin.com/jobs/view/oko-west-project-auto-electrician-at-g-mining-ventures-corp-4434590372,Oko West Project - Auto Electrician,,scraped,2026-07-08T18:57:03.627711,
66e730069d0d9ac4,https://gy.linkedin.com/jobs/view/monitoring-and-evaluation-assistant-at-iom-un-migration-4437869552,Monitoring and Evaluation Assistant,IOM - UN Migration,posted,2026-07-08T18:57:32.691145,98
7bce0ee30c2ebdc6,https://gy.linkedin.com/jobs/view/national-mhpss-officer-at-iom-un-migration-4436415286,National MHPSS Officer,IOM - UN Migration,posted,2026-07-08T18:57:44.745936,100
38a0dc7f15330fe8,https://gy.linkedin.com/jobs/view/gp-operator-ordinary-seaman-at-sbm-offshore-4437054578,GP Operator Ordinary Seaman,,scraped,2026-07-08T18:57:49.386493,
17df698eaff1e765,https://gy.linkedin.com/jobs/view/oko-gold-project-grader-operator-at-g-mining-ventures-corp-4434891916,Oko Gold Project - Grader Operator,,scraped,2026-07-08T23:44:51.145861,
4591ca21c9b09ce0,https://gy.linkedin.com/jobs/view/outside-sales-at-fastsigns-espa%C3%B1a-4436047006,Outside Sales,FASTSIGNS España,posted,2026-07-08T23:45:13.103525,102
4b8cd1e12ef40fe5,https://gy.linkedin.com/jobs/view/growth-marketer-at-the-flex-4436765855,Growth Marketer,,scraped,2026-07-08T23:45:15.830886,
d3aa71df7e13ce49,https://gy.linkedin.com/jobs/view/aftersale-intake-personnel-at-yokohama-trading-guyana-inc-4438235178,AfterSale Intake Personnel,Yokohama Trading  Guyana Inc,posted,2026-07-08T23:45:35.440572,104
ea80539ef3e2744d,https://gy.linkedin.com/jobs/view/project-team-lead-at-airswift-4423176999,Project Team Lead,Airswift,posted,2026-07-08T23:45:45.815793,106
d794ec1c7bf6ecf3,https://gy.linkedin.com/jobs/view/french-haiti-french-guiana-language-specialist-freelance-ai-trainer-project-at-meridial-marketplace-by-invisible-4286261503,French (Haiti/French Guiana) Language Specialist - Freelance AI Trainer Project,"Meridial Marketplace, by Invisible",posted,2026-07-08T23:45:57.975059,108
16805339bfc21d0a,https://gy.linkedin.com/jobs/view/procurement-officer-at-mowlem-international-ltd-4438208027,Procurement Officer,Mowlem International LTD,posted,2026-07-08T23:46:46.527367,110
a9e50372beb147e9,https://gy.linkedin.com/jobs/view/national-protection-officer-at-iom-un-migration-4436473071,National Protection Officer,IOM - UN Migration,posted,2026-07-08T23:47:00.081087,112
68d7432e2bc47f0a,https://gy.linkedin.com/jobs/view/steuerberater-w-m-d-at-ertle-treuhand-steuerberatungsgesellschaft-mbh-co-kg-4436943140,Steuerberater (w/m/d),,scraped,2026-07-08T23:47:14.752784,
f52fbdc3479f1c2d,https://gy.linkedin.com/jobs/view/data-center-technician-dispatch-at-sharp-brains-4434864127,Data center technician - Dispatch,,scraped,2026-07-08T23:47:23.098954,
51f86fe9acc21d8b,https://gy.linkedin.com/jobs/view/student-support-manager-at-communities-in-schools-of-houston-4436948109,Student Support Manager,Communities In Schools of Houston,posted,2026-07-09T11:26:12.375507,114
d1f40870be758d5f,https://gy.linkedin.com/jobs/view/security-supervisor-at-tristar-port-of-guyana-4438286440,Security Supervisor,,scraped,2026-07-09T11:26:27.044079,
b788643961979503,https://gy.linkedin.com/jobs/view/oko-gold-project-tire-specialist-at-g-mining-ventures-corp-4434888973,Oko Gold Project - Tire Specialist,,scraped,2026-07-09T11:26:35.302218,
e915c93961ee92b4,https://gy.linkedin.com/jobs/view/power-plant-operations-management-at-siemens-energy-4435456995,Power Plant Operations Management,Siemens Energy,posted,2026-07-09T11:26:52.585873,116
d40732431af7acdb,https://gy.linkedin.com/jobs/view/school-cook-fg-at-legacy-traditional-schools-4438617532,School Cook - FG,Legacy Traditional Schools,posted,2026-07-09T11:27:19.867459,118
1e5600ddb2b07bd5,https://gy.linkedin.com/jobs/view/school-sped-paraprofessional-at-legacy-traditional-schools-4438630073,School SPED Paraprofessional,Legacy Traditional Schools,posted,2026-07-09T11:27:31.580915,120
d3af577045f78bc9,https://gy.linkedin.com/jobs/view/field-engineer-trainee-at-slb-4435651921,Field Engineer Trainee,SLB,posted,2026-07-09T11:27:50.284217,122
8a05a133499d41e9,https://gy.linkedin.com/jobs/view/buyer-at-sbm-offshore-4437558319,Buyer,,scraped,2026-07-09T18:28:39.829184,
b61f9b912084bf7c,https://gy.linkedin.com/jobs/view/telesales-manager-at-learn-to-trade-%E2%84%A2-4438584341,Telesales Manager,,scraped,2026-07-09T18:28:48.824502,
5374888db8f03bcf,https://gy.linkedin.com/jobs/view/data-center-technician-dispatch-at-sharp-brains-4434876115,Data center technician - Dispatch,,scraped,2026-07-09T18:28:55.161019,
898f0375eb8a6d39,https://gy.linkedin.com/jobs/view/customer-success-agent-at-omnitrance-solutions-4435697410,Customer Success Agent,Omnitrance Solutions,posted,2026-07-09T18:29:17.978711,124
510a4151d4087342,https://gy.linkedin.com/jobs/view/product-development-technical-officer-at-edward-b-beharry-company-ltd-guyana-4438667513,Product Development Technical Officer,,scraped,2026-07-09T18:29:20.533645,
91577268829b7cc9,https://gy.linkedin.com/jobs/view/metering-engineer-at-airswift-4438645746,Metering Engineer,Airswift,posted,2026-07-09T18:29:36.067441,126
fd67438beb0646e2,https://gy.linkedin.com/jobs/view/chief-executive-officer-4437897017,Chief Executive Officer,JTW Management Institute,posted,2026-07-09T18:29:45.956677,128
10833bf4f2e84a6c,https://gy.linkedin.com/jobs/view/project-planner-at-mowlem-international-ltd-4438199393,Project Planner,,scraped,2026-07-09T18:30:10.577867,
f5744bbaaf3197c1,https://gy.linkedin.com/jobs/view/live-food-specialist-for-shrimp-larviculture-at-fao-4434578619,Live Food Specialist for Shrimp Larviculture,,scraped,2026-07-09T18:30:27.815857,
c565c0b46998282f,https://gy.linkedin.com/jobs/view/storeman-at-global-riser-4437000766,Storeman,,scraped,2026-07-09T18:30:36.277815,
8b549933f7d0f8e9,https://gy.linkedin.com/jobs/view/accounting-assistant-at-airswift-4438804140,Accounting Assistant,Airswift,posted,2026-07-09T23:54:37.089076,130
89c70d4134f59d2d,https://gy.linkedin.com/jobs/view/finance-manager-guyana-at-favio-4437577035,Finance Manager (Guyana),,scraped,2026-07-09T23:54:39.686266,
85c2450d225cff60,https://gy.linkedin.com/jobs/view/senior-living-liaison-at-pikes-peak-post-acute-4438549479,Senior Living Liaison,Pikes Peak Post Acute,posted,2026-07-09T23:55:01.167549,132
738e31aae8b6cfbd,https://gy.linkedin.com/jobs/view/assistant-storekeeper-at-sbm-offshore-4436844848,Assistant Storekeeper,,scraped,2026-07-09T23:55:12.063568,
7c2d92ae8e062cfb,https://gy.linkedin.com/jobs/view/substitute-teacher-at-legacy-traditional-schools-4438623396,Substitute Teacher,Legacy Traditional Schools,posted,2026-07-09T23:55:30.020032,134
9204d208f183ba1d,https://gy.linkedin.com/jobs/view/sr-associate-director-foundation-at-johns-hopkins-all-children-s-hospital-4438844009,Sr Associate Director Foundation,Johns Hopkins All Children's Hospital,posted,2026-07-09T23:55:39.604755,136
93511f1d0cd6111d,https://gy.linkedin.com/jobs/view/domestic-abuse-practitioner-at-sandwell-women-s-aid-4436028777,Domestic Abuse Practitioner,SANDWELL WOMEN'S AID,posted,2026-07-09T23:55:51.045181,138
b992d62ef6e627db,https://gy.linkedin.com/jobs/view/laboratory-technician-at-mowlem-international-ltd-4438191703,Laboratory Technician,,scraped,2026-07-09T23:55:57.634659,
34c71c494ae611b1,https://gy.linkedin.com/jobs/view/steuerfachkraft-lohn-finanzbuchhalter-w-m-d-at-ertle-treuhand-steuerberatungsgesellschaft-mbh-co-kg-4436942158,Steuerfachkraft / Lohn- Finanzbuchhalter (w/m/d),,scraped,2026-07-09T23:56:21.049108,
54709ed0ab89caed,https://gy.linkedin.com/jobs/view/cane-officer-at-dhanalakshmi-srinivasan-sugars-pvt-ltd-4435957584,Cane Officer,Dhanalakshmi Srinivasan Sugars Pvt. Ltd.,posted,2026-07-10T11:23:56.869449,140
68f4a35cfc1b852b,https://gy.linkedin.com/jobs/view/graphics-designer-at-elevate-calls-inc-4436935203,Graphics Designer,,scraped,2026-07-10T11:23:59.625553,
405ffeab87e226c4,https://gy.linkedin.com/jobs/view/pet-retention-liaison-full-or-part-time-at-animal-friends-4437981274,Pet Retention Liaison (Full or Part-Time),Animal Friends,posted,2026-07-10T11:24:24.916749,142
4404d89d765652c6,https://gy.linkedin.com/jobs/view/school-food-service-worker-fg-at-legacy-traditional-schools-4438628233,School Food Service Worker - FG,Legacy Traditional Schools,posted,2026-07-10T11:24:36.444142,144
4d6c960281bd0b92,https://gy.linkedin.com/jobs/view/%E2%80%8B%E2%80%8Bnational-monitoring-and-evaluation-officer%E2%80%8B-at-iom-un-migration-4438296639,National Monitoring and Evaluation Officer,IOM - UN Migration,posted,2026-07-10T11:24:49.707508,146
cecddd74b1c3192a,https://gy.linkedin.com/jobs/view/pipe-fitter-at-airswift-4433985505,Pipe Fitter,Airswift,posted,2026-07-10T11:24:58.636237,148
fd3c196c04c9ebb0,https://gy.linkedin.com/jobs/view/junior-visual-merchandiser-30-4-uur-hoofdkantoor-den-haag-at-lucardi-juwelier-4435928465,"Junior Visual Merchandiser 30,4 uur | Hoofdkantoor Den Haag",,scraped,2026-07-10T11:25:19.196165,
ac32a234e27d385a,https://gy.linkedin.com/jobs/view/shelter-veterinarian-full-time-at-animal-friends-4437983230,Shelter Veterinarian (Full-Time),Animal Friends,posted,2026-07-10T11:25:51.151822,150
d773f7786e50003a,https://gy.linkedin.com/jobs/view/traffic-assistant-at-airswift-4438695338,Traffic Assistant,Airswift,posted,2026-07-10T11:26:02.715348,152
63cddfcedf9ee498,https://gy.linkedin.com/jobs/view/support-at-old-scona-academic-highschool-4439069377,SUPPORT,Old Scona Academic Highschool,posted,2026-07-10T18:13:18.123303,154
782708a66750bd55,https://gy.linkedin.com/jobs/view/business-development-support-at-pulse-supply-chain-solutions-4438841079,BUSINESS DEVELOPMENT SUPPORT,Pulse Supply Chain Solutions,posted,2026-07-10T18:13:32.386660,156
713a98d4795224ff,https://gy.linkedin.com/jobs/view/resident-care-aide-at-the-highlands-at-pittsford-4434890147,Resident Care Aide,The Highlands at Pittsford,posted,2026-07-10T18:13:53.681272,158
ab695dc3a473c1b8,https://gy.linkedin.com/jobs/view/school-aide-at-legacy-traditional-schools-4438628236,School Aide,Legacy Traditional Schools,posted,2026-07-10T18:14:06.160531,160
95bf58b44deeae2a,https://gy.linkedin.com/jobs/view/data-center-engineer-at-sharp-brains-4434862440,Data Center Engineer,,scraped,2026-07-10T18:14:10.775426,
cf140fe81167c224,https://gy.linkedin.com/jobs/view/customer-support-executive-at-franchsie-odisha-4435999934,Customer Support Executive,,scraped,2026-07-10T18:14:27.741629,
e51d905d0a4e56a0,https://gy.linkedin.com/jobs/view/lead-head-capex-planner-south-wales-%C2%A3700-a-day-permanent-at-pcg-world-4439092298,Lead / Head Capex Planner - South Wales - £700 a day / Permanent,PCG World,posted,2026-07-10T18:14:50.950660,162
a33ef6e6176747e1,https://gy.linkedin.com/jobs/view/clinical-services-director-vin-nexus-center-at-vinschool-4439091488,Clinical Services Director - Vin Nexus Center,,scraped,2026-07-10T18:14:57.486898,
8f084cae4f2d8705,https://gy.linkedin.com/jobs/view/senior-performance-marketeer-30-4-38-uur-hoofdkantoor-den-haag-at-lucardi-juwelier-4435935370,"Senior Performance Marketeer 30,4 - 38 uur | Hoofdkantoor Den Haag",,scraped,2026-07-10T18:15:06.539203,
be909783845fd8c2,https://gy.linkedin.com/jobs/view/pflegefachkraft-w-m-d-at-doreafamilie-4438326019,Pflegefachkraft (w/m/d)*,DOREAFAMILIE,posted,2026-07-10T18:15:42.156949,164
f23841a1b5099202,https://gy.linkedin.com/jobs/view/security-analyst-n-a-at-io-datasphere-inc-4439054653,Security Analyst - N/A,"IO Datasphere, Inc.",posted,2026-07-10T18:16:11.917954,166
92ef6a6371a82e5a,https://gy.linkedin.com/jobs/view/c%E1%BB%99ng-t%C3%A1c-vi%C3%AAn-h%C3%A0nh-ch%C3%ADnh-tr%C6%B0%E1%BB%9Dng-h%E1%BB%8Dc-vinschool-golden-river-at-vinschool-4439083744,Cộng tác viên Hành chính trường học - Vinschool Golden River,,scraped,2026-07-10T18:16:24.487861,
5a57534a8b4c1913,https://gy.linkedin.com/jobs/view/surveyor-i-at-american-bureau-of-shipping-abs-4389809514,Surveyor I,American Bureau of Shipping (ABS),posted,2026-07-10T18:16:40.704987,168
df959589eba90c8e,https://gy.linkedin.com/jobs/view/clinic-operations-support-at-sherman-college-of-chiropractic-4439034185,Clinic Operations Support,Sherman College of Chiropractic,posted,2026-07-10T18:16:56.965404,170
ad0b5da3576e1dcb,https://gy.linkedin.com/jobs/view/cpl-field-specialist-at-slb-4435981307,CPL Field Specialist,SLB,posted,2026-07-10T18:17:37.086407,172
db72450355218742,https://gy.linkedin.com/jobs/view/ban-%C4%91tms-chuy%C3%AAn-vi%C3%AAn-ch%C3%ADnh-%C4%91%E1%BA%A5u-th%E1%BA%A7u-mua-s%E1%BA%AFm-at-c%C3%B4ng-ty-cp-t%E1%BA%ADp-%C4%91o%C3%A0n-th%C3%A1i-b%C3%ACnh-d%C6%B0%C6%A1ng-pacific-corporation-4435993110,[Ban ĐTMS] Chuyên viên Chính Đấu thầu Mua sắm,,scraped,2026-07-10T18:17:43.786988,
bab457e9b65fc0e4,https://gy.linkedin.com/jobs/view/ex-inspector-at-sbm-offshore-4428493638,EX Inspector,,scraped,2026-07-10T18:17:54.060415,
4609a6e6f04193c5,https://gy.linkedin.com/jobs/view/crm-data-services-manager-at-animal-friends-4438356727,CRM & Data Services Manager,Animal Friends,posted,2026-07-10T23:33:11.830912,174
9a297ceb37fff7e0,https://gy.linkedin.com/jobs/view/sales-executive-at-pbs-technologies-guyana-inc-4439356831,Sales Executive,,scraped,2026-07-10T23:33:20.462928,
2e7f07f733a9338e,https://gy.linkedin.com/jobs/view/offre-d-emploi-assistant-e-service-client-support-delivery-at-apitic-4433779592,OFFRE D'EMPLOI : ASSISTANT(E) SERVICE CLIENT / SUPPORT / DELIVERY,,scraped,2026-07-10T23:33:44.928085,
59fcc55838531bdb,https://gy.linkedin.com/jobs/view/chief-information-security-officer-n-a-at-io-datasphere-inc-4439058574,Chief Information Security Officer - N/A,"IO Datasphere, Inc.",posted,2026-07-11T07:23:40.190901,176
2745cca3f86afc65,https://gy.linkedin.com/jobs/view/manager-academic-support-at-uwa-india-4438376479,"Manager, Academic Support",,scraped,2026-07-11T07:23:44.779270,
1235f162b7be7786,https://gy.linkedin.com/jobs/view/academic-support-advisor-at-uwa-india-4438385016,Academic Support Advisor,,scraped,2026-07-11T07:23:51.256132,
88cc907c0afea3d6,https://gy.linkedin.com/jobs/view/fulfilment-support-at-a-greener-wood-4439310864,Fulfilment Support,,scraped,2026-07-11T07:24:01.478998,
ff1c98ce3ddb6396,https://gy.linkedin.com/jobs/view/hindi-qa-lead-remote-at-yo-it-consulting-4436012766,Hindi QA Lead - Remote,,scraped,2026-07-11T07:24:08.207377,
63c426707d563f24,https://gy.linkedin.com/jobs/view/security-engineer-n-a-at-io-datasphere-inc-4439050757,Security Engineer - N/A,"IO Datasphere, Inc.",posted,2026-07-11T07:24:38.917912,178
1886f3552edaba5d,https://gy.linkedin.com/jobs/view/adventure-course-facilitator-at-ymca-of-kokomo-4439512234,ADVENTURE COURSE FACILITATOR,YMCA of Kokomo,posted,2026-07-11T07:24:49.133157,180
d0df2f2a7d846e76,https://gy.linkedin.com/jobs/view/information-security-project-manager-n-a-at-io-datasphere-inc-4439070014,Information Security Project Manager - N/A,"IO Datasphere, Inc.",posted,2026-07-11T07:24:58.963177,182
2599f3a9bebe9275,https://gy.linkedin.com/jobs/view/technicien-ne-support-logiciel-h-f-at-orisha-insurance-4438892595,Technicien.ne Support Logiciel - H/F,,scraped,2026-07-11T07:25:01.666253,
cb55e62050547245,https://gy.linkedin.com/jobs/view/steuerfachwirt-diplom-finanzwirt-steuerfachangestellte-w-m-d-at-ertle-treuhand-steuerberatungsgesellschaft-mbh-co-kg-4436939255,Steuerfachwirt / Diplom Finanzwirt/Steuerfachangestellte (w/m/d),,scraped,2026-07-11T07:25:11.188618,
de51d8c5ba58935e,https://gy.linkedin.com/jobs/view/finance-hr-co%C3%B6rdinator-0-6-0-8-fte-at-customer-collective-4438380729,"Finance & HR Coördinator (0,6 - 0,8 Fte)",,scraped,2026-07-11T07:25:17.490173,
cdf79b2af14df6e6,https://gy.linkedin.com/jobs/view/clinic-support-faculty-at-sherman-college-of-chiropractic-4439030280,Clinic Support Faculty,Sherman College of Chiropractic,posted,2026-07-11T07:25:37.766834,184
eb765690b9670472,https://gy.linkedin.com/jobs/view/sap-business-one-technical-consultant-at-aptech-computer-education-karaikudi-4439397651,SAP Business One Technical Consultant,,scraped,2026-07-11T11:34:03.103550,
58ea53fe39c61bb0,https://gy.linkedin.com/jobs/view/customer-support-representative-at-citizens-bank-wi-4435959835,Customer Support Representative,Citizens Bank - WI,posted,2026-07-11T11:34:25.240165,186
6d75fca448fb73c0,https://gy.linkedin.com/jobs/view/guyana-amp-%238211-georgetown-information-technology-intern-at-mypetrocareer-com-4436647271,Guyana &amp;#8211; Georgetown: Information Technology Intern,,scraped,2026-07-11T11:34:33.831958,
f84181d5f29848d7,https://gy.linkedin.com/jobs/view/finance-manager-at-techaboutcentral-4439520528,Finance Manager,TechAboutCentral,posted,2026-07-11T11:34:54.988519,188
ab0a0689384dee13,https://gy.linkedin.com/jobs/view/cpl-field-specialist-at-slb-4435966621,CPL Field Specialist,SLB,posted,2026-07-11T11:35:42.508977,172
e3c68f8d26c0a035,https://gy.linkedin.com/jobs/view/job-title-marketing-person-at-g-r-pet-preforms-4436645160,Job Title : Marketing Person,,scraped,2026-07-11T15:34:58.753524,
bbd2396c77bf8e69,https://gy.linkedin.com/jobs/view/locatietour-utrecht-region-at-linda-op-locatie-4439555402,Locatietour Utrecht Region,,scraped,2026-07-11T15:35:21.324903,
5dc0209864d9811c,https://gy.linkedin.com/jobs/view/phd-fellow-in-ancient-sedimentary-dna-of-freshwater-fish-and-ecological-interactions-in-europe-at-uit-the-arctic-university-of-norway-4436681182,PhD Fellow in Ancient sedimentary DNA of Freshwater Fish and Ecological Interactions in Europe,UiT- The Arctic University of Norway,posted,2026-07-11T15:36:09.274144,190
3376958ece14a46b,https://gy.linkedin.com/jobs/view/field-engineer-at-digicel-group-4408892758,Field Engineer,,scraped,2026-07-11T20:54:40.077518,
1f26f8cb35272b31,https://gy.linkedin.com/jobs/view/vi-s%C3%B8ker-t%C3%B8mrere-i-t%C3%B8nsberg-og-sandefjord%21-at-ocab-norge-4438936274,Vi søker tømrere i Tønsberg og Sandefjord!,Ocab Norge,posted,2026-07-11T20:55:04.596686,192
05840ff89306cde7,https://gy.linkedin.com/jobs/view/regional-independent-domestic-violence-advisor-idva-at-sandwell-women-s-aid-4438902216,Regional Independent Domestic Violence Advisor (IDVA),SANDWELL WOMEN'S AID,posted,2026-07-11T20:55:15.811299,194
2330d22424b3c36f,https://gy.linkedin.com/jobs/view/qualit%C3%A4tsmanagementbeauftragter-w-m-d-at-doreafamilie-4438944573,Qualitätsmanagementbeauftragter (w/m/d) *,DOREAFAMILIE,posted,2026-07-11T20:55:49.306485,196
53f691949ce7143e,https://gy.linkedin.com/jobs/view/procurement-officer-at-ucc-holding-4439719253,Procurement Officer,,scraped,2026-07-13T17:35:30.630458,
e13d78176205e986,https://gy.linkedin.com/jobs/view/booking-manager-at-jaipur-golden-transport-gujarat-region-4439108793,Booking Manager,,scraped,2026-07-13T17:35:37.123851,
279be24bd8920c33,https://gy.linkedin.com/jobs/view/traffic-in-charge-delhi-at-jaipur-golden-transport-gujarat-region-4439189575,Traffic In-Charge (Delhi),,scraped,2026-07-13T17:35:44.698813,
df712f95204fe1d4,https://gy.linkedin.com/jobs/view/servicenow-developer-at-fortuna-services-ag-4439138047,ServiceNow Developer,,scraped,2026-07-13T17:36:00.065806,
9c1e24632eafd5ee,https://gy.linkedin.com/jobs/view/senior-supply-chain-associate-at-iom-un-migration-4438510061,Senior Supply Chain Associate,IOM - UN Migration,posted,2026-07-13T17:36:39.081895,198
baa9ba92cad4c34c,https://gy.linkedin.com/jobs/view/accounting-manager-at-ucc-holding-4439708987,Accounting Manager,,scraped,2026-07-13T17:36:47.749579,
e52de00fcfea9e65,https://gy.linkedin.com/jobs/view/nerogiardini-aggiunge-un-nuovo-tassello-a-campiglione-apre-il-factory-store-at-vivere-ascoli-4439566719,NeroGiardini aggiunge un nuovo tassello: a Campiglione apre il Factory Store,Vivere Ascoli,posted,2026-07-13T17:37:11.220558,200
57525605bc8ab78d,https://gy.linkedin.com/jobs/view/operations-supervisor-at-w%C3%A4rtsil%C3%A4-4438884215,Operations Supervisor,,scraped,2026-07-13T17:37:19.848027,
e91154679e10ef3f,https://gy.linkedin.com/jobs/view/pflegefachkraft-w-m-d-at-doreafamilie-4439114977,Pflegefachkraft (w/m/d)*,DOREAFAMILIE,posted,2026-07-13T17:37:33.259349,164
1de5fc33b49f1732,https://gy.linkedin.com/jobs/view/customer-success-engineer-at-mercor-4412346699,Customer Success Engineer,Mercor,posted,2026-07-13T17:37:52.951297,202
292f7ffdbfb06a9e,https://gy.linkedin.com/jobs/view/information-security-program-manager-n-a-at-io-datasphere-inc-4439058578,Information Security Program Manager - N/A,"IO Datasphere, Inc.",posted,2026-07-13T17:38:04.624686,204
e614855e4e063f46,https://gy.linkedin.com/jobs/view/offshore-facilities-engineer-at-sbm-offshore-4429661875,Offshore Facilities Engineer,,scraped,2026-07-13T17:38:15.243985,
b1c5484609d0c437,https://gy.linkedin.com/jobs/view/payroll-coordinator-at-newrest-4440978413,Payroll Coordinator,,scraped,2026-07-15T15:14:52.002208,
45d437f5605bc9ec,https://gy.linkedin.com/jobs/view/guyana-amp-%238211-georgetown-procurement-specialist-at-mypetrocareer-com-4437680358,Guyana &amp;#8211; Georgetown: Procurement Specialist,,scraped,2026-07-15T15:14:59.233588,
31adebd81fc289ee,https://gy.linkedin.com/jobs/view/booking-manager-at-jaipur-golden-transport-gujarat-region-4439945597,Booking Manager,,scraped,2026-07-15T15:15:07.416191,
49bc4ee544703eea,https://gy.linkedin.com/jobs/view/ban-c%C3%B4ng-nghi%E1%BB%87p-chuy%C3%AAn-vi%C3%AAn-qu%E1%BA%A3n-l%C3%BD-h%E1%BB%93-s%C6%A1-dc-at-c%C3%B4ng-ty-cp-t%E1%BA%ADp-%C4%91o%C3%A0n-th%C3%A1i-b%C3%ACnh-d%C6%B0%C6%A1ng-pacific-corporation-4437681133,[Ban Công Nghiệp] Chuyên viên Quản lý hồ sơ (DC),,scraped,2026-07-15T15:15:16.878584,
e88a407ba9bd17f3,https://gy.linkedin.com/jobs/view/inventory-clerk-4440545758,Inventory Clerk,Camex Restaurants Inc,posted,2026-07-15T15:15:35.543098,206
8664d9f9734a2a83,https://gy.linkedin.com/jobs/view/hr-generalist-at-newrest-4440987024,HR Generalist,,scraped,2026-07-15T15:15:38.176345,
6a681fec99173389,https://gy.linkedin.com/jobs/view/field-engineer-intern-at-mypetrocareer-com-4437272570,Field Engineer Intern,,scraped,2026-07-15T15:15:47.265558,
5f3bd4039224aa17,https://gy.linkedin.com/jobs/view/assistant-safety-officer-at-sbm-offshore-4432278450,Assistant Safety Officer,,scraped,2026-07-15T15:15:57.174593,
55165912d13c4373,https://gy.linkedin.com/jobs/view/warehouse-manager-at-airswift-4436778521,WAREHOUSE MANAGER,Airswift,posted,2026-07-15T15:16:14.318571,208
882e341e704b1d7a,https://gy.linkedin.com/jobs/view/now-hiring%21-%3F%3F-frosty-friends-heating-air-at-greater-waynesboro-chamber-of-commerce-4439142851,NOW HIRING! ?? Frosty Friends Heating & Air,Greater Waynesboro Chamber of Commerce,posted,2026-07-15T15:16:35.462221,210
e3608e97c029e602,https://gy.linkedin.com/jobs/view/order-to-cash-us-market-analyst-at-televisaunivision-4421281277,"Order to Cash US Market, Analyst",TelevisaUnivision,posted,2026-07-15T15:16:47.074617,212
a3ab46ac2c8fcb3f,https://gy.linkedin.com/jobs/view/electrical-mechanical-technician-intervention-services-drilling-tools-at-weatherford-4440332553,Electrical Mechanical Technician -Intervention Services & Drilling Tools,Weatherford,posted,2026-07-15T15:17:29.304834,214
cc860d240048fcac,https://gy.linkedin.com/jobs/view/communications-consultant-at-inter-american-development-bank-4437273848,Communications Consultant,Inter-American Development Bank,posted,2026-07-15T15:17:43.228694,216
11737a2793d80153,https://gy.linkedin.com/jobs/view/senior-manager-ocean-policy-at-conservation-international-4377640726,"Senior Manager, Ocean Policy",Conservation International,posted,2026-07-15T15:17:55.855286,218
c9dd08054b85feca,https://gy.linkedin.com/jobs/view/pflegefachkraft-w-m-d-at-doreafamilie-4439833386,Pflegefachkraft (w/m/d)*,DOREAFAMILIE,posted,2026-07-15T15:18:05.296361,164
c68e06067dc77ef8,https://gy.linkedin.com/jobs/view/global-green-growth-institute-internship-program-at-global-green-growth-institute-4432038150,GLOBAL GREEN GROWTH INSTITUTE INTERNSHIP PROGRAM,,scraped,2026-07-15T15:18:11.929211,
430cefa89ef60052,https://gy.linkedin.com/jobs/view/intern-at-guyana-manufacturing-services-association-4437689593,Intern,,scraped,2026-07-15T15:18:22.266643,
ebc6ee092e9db2e4,https://gy.linkedin.com/jobs/view/customer-technical-support-engineer-at-mercor-4421656378,Customer Technical Support Engineer,Mercor,posted,2026-07-15T15:18:40.456443,220
1e750b2437fe8391,https://gy.linkedin.com/jobs/view/guyana-amp-%238211-georgetown-service-supervisor-iii-amp-%238211-coiled-tubing-amp-%238211-production-solutions-at-mypetrocareer-com-4437255994,Guyana &amp;#8211; Georgetown: Service Supervisor III &amp;#8211; Coiled Tubing &amp;#8211; Production Solutions,,scraped,2026-07-15T15:18:49.086624,
f9573cf9a2d9cd39,https://gy.linkedin.com/jobs/view/business-unit-head-at-airswift-4437183028,Business Unit Head,Airswift,posted,2026-07-15T15:19:14.652312,222
c6986dd851402693,https://gy.linkedin.com/jobs/view/head-%E2%80%93-learning-development-rural-incubation-programme-at-iim-calcutta-innovation-park-4438746260,"Head – Learning & Development, Rural Incubation Programme",,scraped,2026-07-17T15:02:04.718332,
8eab3919d6195e17,https://gy.linkedin.com/jobs/view/driver-at-mowlem-international-ltd-4439904355,Driver,Mowlem International LTD,posted,2026-07-17T15:03:09.793931,224
ae24b125acf3e5a2,https://gy.linkedin.com/jobs/view/housekeeper-at-pikes-peak-post-acute-4440880511,Housekeeper,Pikes Peak Post Acute,posted,2026-07-17T15:03:18.614579,226
8038ba9287ba4ce9,https://gy.linkedin.com/jobs/view/senior-financial-controller-at-dcspine-4439853403,Senior Financial Controller,DCspine,posted,2026-07-17T15:03:33.166830,228
39be937e26dfd034,https://gy.linkedin.com/jobs/view/secl-jobs-check-vacancies-eligibility-and-how-to-apply-at-the-kashmir-monitor-4440624498,"SECL jobs: Check vacancies, eligibility, and how to apply",,scraped,2026-07-17T15:03:39.664910,
0f82347e076feae2,https://gy.linkedin.com/jobs/view/business-development-executive-at-giscad-group-of-companies-4441220781,Business Development Executive,,scraped,2026-07-17T15:03:46.780495,
08ba23f091e94a51,https://gy.linkedin.com/jobs/view/production-manager-5-at-hope-for-children-4441920154,Production Manager 5,,scraped,2026-07-17T15:04:02.491497,
04eaa521b72a01da,https://gy.linkedin.com/jobs/view/production-manager-manager-at-hope-for-children-4441903873,Production Manager Manager,,scraped,2026-07-17T15:04:08.857521,
8d403a4ed8813a91,https://gy.linkedin.com/jobs/view/support-agent-part-time-at-site-systems-software-inc-4441148938,Support Agent (Part-time),"Site Systems Software, Inc.",posted,2026-07-17T15:04:23.091378,230
5abf20eb89b9becf,https://gy.linkedin.com/jobs/view/ban-%C4%91i%E1%BB%81u-h%C3%A0nh-c%C3%B4ng-tr%C6%B0%E1%BB%9Dng-long-ph%C3%BA-1-chuy%C3%AAn-vi%C3%AAn-m-e-c%C6%A1-kh%C3%AD-at-c%C3%B4ng-ty-cp-t%E1%BA%ADp-%C4%91o%C3%A0n-th%C3%A1i-b%C3%ACnh-d%C6%B0%C6%A1ng-pacific-corporation-4438713314,[Ban Điều hành công trường Long Phú 1] Chuyên viên M&E (Cơ khí),,scraped,2026-07-17T15:04:25.708963,
5908886d09bbfad6,https://gy.linkedin.com/jobs/view/customer-success-agent-at-dendri-4440295657,Customer Success Agent,Dendri,posted,2026-07-17T15:04:36.219717,124
f35feeb21698958e,https://gy.linkedin.com/jobs/view/senior-marketing-content-executive-at-vinschool-4441983974,Senior Marketing & Content Executive,,scraped,2026-07-17T15:04:38.767029,
d38ff197cd2b6d15,https://gy.linkedin.com/jobs/view/procurement-and-logistics-officer-at-cemex-4401993316,PROCUREMENT AND LOGISTICS OFFICER,,scraped,2026-07-17T15:04:46.317141,
5038984b7866690f,https://gy.linkedin.com/jobs/view/vi-s%C3%B8ker-skadesanerer-i-avdeling-gudbrandsdalen%21-at-ocab-norge-4441114244,Vi søker skadesanerer i avdeling Gudbrandsdalen!,Ocab Norge,posted,2026-07-17T15:05:01.967345,232
b8be722f26c0b7a2,https://gy.linkedin.com/jobs/view/vi-s%C3%B8ker-t%C3%B8mrere-i-t%C3%B8nsberg-og-sandefjord%21-at-ocab-norge-4440282535,Vi søker tømrere i Tønsberg og Sandefjord!,Ocab Norge,posted,2026-07-17T15:05:18.895113,234
92fe184927dd0834,https://gy.linkedin.com/jobs/view/economics-support-internship-guyana-country-office-at-inter-american-development-bank-4437696186,Economics Support Internship - Guyana Country Office,Inter-American Development Bank,posted,2026-07-17T15:05:32.233794,236
e6dfd2573c7bf4a7,https://gy.linkedin.com/jobs/view/finance-hr-co%C3%B6rdinator-0-6-0-8-fte-at-customer-collective-4440221241,"Finance & HR Coördinator (0,6 - 0,8 Fte)",,scraped,2026-07-17T15:05:34.890478,
c4946d9949e72270,https://gy.linkedin.com/jobs/view/citywide-addiction-support-network-casn-at-innovative-management-solutions-ny-4441435037,Citywide Addiction Support Network (CASN),Innovative Management Solutions NY,posted,2026-07-17T15:05:48.093654,238
cf5361873800a154,https://gy.linkedin.com/jobs/view/locatietour-utrecht-region-at-linda-op-locatie-4439547659,Locatietour Utrecht Region,,scraped,2026-07-17T15:05:50.718529,
aa70cffa7d5ec44f,https://gy.linkedin.com/jobs/view/%D9%85%D9%86%D8%B3%D9%82-%D8%B9%D9%85%D9%84%D9%8A%D8%A7%D8%AA-%D9%88%D8%A7%D8%B3%D8%AA%D9%82%D8%A8%D8%A7%D9%84-at-falcons-training-consulting-center-4439843289,منسق عمليات واستقبال,,scraped,2026-07-19T14:38:39.931876,
e6d7d0ba10e46951,https://gy.linkedin.com/jobs/view/booking-manager-at-jaipur-golden-transport-gujarat-region-4441186547,Booking Manager,,scraped,2026-07-19T14:38:46.432155,
f7d753e7d4ed9bfe,https://gy.linkedin.com/jobs/view/online-banking-at-central-bank-of-utah-4441280707,Online Banking,Central Bank of Utah,posted,2026-07-19T14:39:04.820998,240
4fd321078b3c3af7,https://gy.linkedin.com/jobs/view/sales-consultant-automobile-at-skaleart-4441307253,Sales Consultant-Automobile,Skaleart,posted,2026-07-19T14:39:14.821357,242
9e929043f466957a,https://gy.linkedin.com/jobs/view/%D8%A7%D8%AE%D8%B5%D8%A7%D8%A6%D9%8A-%D8%AA%D8%B3%D9%88%D9%8A%D9%82-%D8%AA%D8%AF%D8%B1%D9%8A%D8%A8-at-falcons-training-consulting-center-4439836408,اخصائي تسويق تدريب,,scraped,2026-07-19T14:39:19.447376,
b617a669394aa2d1,https://gy.linkedin.com/jobs/view/showroom-sales-video-presenter-automobile-at-skaleart-4441307254,Showroom Sales & Video Presenter - Automobile,Skaleart,posted,2026-07-19T14:39:33.353821,244
0619e6ede639edb7,https://gy.linkedin.com/jobs/view/senior-html-php-at-digitalpharmasummit-4442495825,Senior HTML/PHP,,scraped,2026-07-19T14:39:35.727184,
bdd52c7ef178ce63,https://gy.linkedin.com/jobs/view/production-manager-4-at-hope-for-children-4442522902,Production Manager 4,,scraped,2026-07-19T14:39:49.087916,
a90a7c312166310f,https://gy.linkedin.com/jobs/view/support-services-investigator-at-hartford-probate-court-4442434148,Support Services Investigator,Hartford Probate Court,posted,2026-07-19T14:40:07.706762,246
77ca44f9dc778a83,https://gy.linkedin.com/jobs/view/support-staff-at-abbotsford-school-district-parent-advisory-council-dpac-4441703660,Support Staff,,scraped,2026-07-19T14:40:12.274924,
f8e0313d159cb0c2,https://gy.linkedin.com/jobs/view/job-position-at-affinity-revenue-cycle-management-solutions-4439644066,<Job Position>,Affinity Revenue Cycle Management Solutions,posted,2026-07-19T14:40:26.773587,248
e14627a716dc2342,https://gy.linkedin.com/jobs/view/touchpoint-support-services-at-hired-in-michigan-community-empowerment-4440611812,TouchPoint Support Services,Hired In Michigan Community Empowerment,posted,2026-07-19T14:40:35.766071,250
fd7e6f42d141d50e,https://gy.linkedin.com/jobs/view/traffic-in-charge-delhi-at-jaipur-golden-transport-gujarat-region-4441131211,Traffic In-Charge (Delhi),,scraped,2026-07-19T14:40:38.184732,
c113a69f420b69cb,https://gy.linkedin.com/jobs/view/admissions-executive-korean-speaking-at-vinschool-4441483589,Admissions Executive (Korean Speaking),,scraped,2026-07-19T14:40:51.652128,
5340996146294fb7,https://gy.linkedin.com/jobs/view/gp-operator-ordinary-seaman-at-sbm-offshore-4441352426,GP Operator Ordinary Seaman,,scraped,2026-07-19T14:40:59.253724,
b56642fcfd271c38,https://gy.linkedin.com/jobs/view/gp-operator-ordinary-seaman-at-sbm-offshore-4441348719,GP Operator Ordinary Seaman,,scraped,2026-07-19T14:41:06.618189,
b4f43318f3f89050,https://gy.linkedin.com/jobs/view/direct-sales-agent-temp-at-digicel-group-4412958317,Direct Sales Agent (Temp),,scraped,2026-07-19T14:41:15.385382,
75bd1fd23789e1d6,https://gy.linkedin.com/jobs/view/gp-operator-ordinary-seaman-at-sbm-offshore-4441344774,GP Operator Ordinary Seaman,,scraped,2026-07-19T14:41:22.194755,
e082b50846b4b277,https://gy.linkedin.com/jobs/view/mitarbeiter-hauswirtschaft-und-reinigung-w-m-d-at-doreafamilie-4441175363,Mitarbeiter Hauswirtschaft und Reinigung (w/m/d) *,DOREAFAMILIE,posted,2026-07-19T14:41:41.566186,252
99af084518ae808f,https://gy.linkedin.com/jobs/view/qualit%C3%A4tsmanagementbeauftragter-w-m-d-at-doreafamilie-4439829498,Qualitätsmanagementbeauftragter (w/m/d) *,DOREAFAMILIE,posted,2026-07-19T14:41:57.000265,254
27fadeb5107304d5,https://gy.linkedin.com/jobs/view/location-at-chugach-commercial-holdings-4439256139,Location:,Chugach Commercial Holdings,posted,2026-07-21T16:02:12.221883,256
596273d39830ec9e,https://gy.linkedin.com/jobs/view/warehouse-worker-at-az-groupe-energies-4442635006,Warehouse Worker,,scraped,2026-07-21T16:02:16.850087,
16073098b8338747,https://gy.linkedin.com/jobs/view/surveyor-at-ucc-holding-4443339087,Surveyor,,scraped,2026-07-21T16:02:25.993456,
cd792143cd54f220,https://gy.linkedin.com/jobs/view/coordinator-for-advancement-services-support-at-c-benton-kline-jr-special-collections-archives-4439673988,Coordinator for Advancement Services & Support,"C. Benton Kline, Jr. Special Collections &amp; Archives",posted,2026-07-21T16:02:41.721081,258
37224f5512a5900d,https://gy.linkedin.com/jobs/view/slickline-specialist-wireline-service-georgetown-guyana-at-baker-hughes-4442271345,"Slickline Specialist - Wireline Service (Georgetown, Guyana)",Baker Hughes,posted,2026-07-21T16:02:52.987324,260
ac16f96ca6444b83,https://gy.linkedin.com/jobs/view/servicenow-developer-at-fortuna-services-ag-4440634107,ServiceNow Developer,,scraped,2026-07-21T16:02:55.407921,
4b84944a8b931550,https://gy.linkedin.com/jobs/view/senior-admissions-executive-vietnamese-at-vinschool-4441495218,Senior Admissions Executive (Vietnamese),,scraped,2026-07-21T16:03:04.619942,
abd1e0f2c99c7ee5,https://gy.linkedin.com/jobs/view/artificial-intelligence-and-digital-transformation-consultant-at-inter-american-development-bank-4439275808,Artificial Intelligence and Digital Transformation Consultant,Inter-American Development Bank,posted,2026-07-21T16:03:19.718240,262
cf2c4f4d2ade42f6,https://gy.linkedin.com/jobs/view/hse-site-lead-at-technipfmc-4426531839,HSE site Lead,,scraped,2026-07-21T16:03:22.321258,
4ee4c53534d155ba,https://gy.linkedin.com/jobs/view/customer-success-engineer-ai-saas-at-mercor-4424971934,Customer Success Engineer - AI SaaS,Mercor,posted,2026-07-21T16:03:34.843822,264
7e537f273ce581f9,https://gy.linkedin.com/jobs/view/trainee-technician-2026-sbm-s-trainee-program-at-sbm-offshore-4404215551,Trainee Technician - 2026 SBM's Trainee Program,,scraped,2026-07-21T16:03:37.463417,
a62a3ded2f32e4a5,https://gy.linkedin.com/jobs/view/assistant-mooring-master-at-sbm-offshore-4441197812,Assistant Mooring Master,,scraped,2026-07-21T16:03:44.951581,
f6fce4de3ab8c2c3,https://gy.linkedin.com/jobs/view/idb-invest-legal-senior-associates-or-officers-talent-pool-at-idb-invest-4433020116,IDB Invest - Legal Senior Associates or Officers - Talent Pool,IDB Invest,posted,2026-07-21T16:03:59.225156,266
40cb9ea043060041,https://gy.linkedin.com/jobs/view/idb-invest-risk-management-senior-associates-or-officers-talent-pool-at-idb-invest-4430270093,IDB Invest - Risk Management Senior Associates or Officers - Talent Pool,IDB Invest,posted,2026-07-21T16:04:08.720589,268
2da392f0f742b2a8,https://gy.linkedin.com/jobs/view/business-development-specialist-at-cs-world-cargo-2000-ltd-4440274579,Business Development Specialist,,scraped,2026-07-21T16:04:11.429441,
7d3dcfe179ab6973,https://gy.linkedin.com/jobs/view/chuy%C3%AAn-vi%C3%AAn-h%C3%A0nh-ch%C3%ADnh-ph%E1%BB%A5-tr%C3%A1ch-m%E1%BA%A3ng-mua-s%E1%BA%AFm-qu%E1%BA%ADn-9-at-vinschool-4443069960,Chuyên viên Hành chính (Phụ trách mảng mua sắm) - Quận 9,,scraped,2026-07-21T16:04:18.645638,
6f521c88f0f053c6,https://gy.linkedin.com/jobs/view/java-developers-brussels-at-digitalpharmasummit-4442506336,Java Developers (Brussels),,scraped,2026-07-21T16:04:26.275818,
1585b1a751eece30,https://gy.linkedin.com/jobs/view/kaziranga-land-of-unicorns-at-the-wild-terrain-4442217446,Kaziranga: Land of Unicorns,,scraped,2026-07-21T16:04:37.534273,
4f1a26d28460d7bb,https://gy.linkedin.com/jobs/view/facility-intern-at-slb-4439680150,Facility Intern,SLB,posted,2026-07-21T16:04:51.011613,270
312b7650df2224a9,https://gy.linkedin.com/jobs/view/werkstudent-data-ai-support-at-incontrol-4443501135,Werkstudent Data & AI Support,,scraped,2026-07-21T16:04:53.716661,
0f36ebe78872d2d9,https://gy.linkedin.com/jobs/view/maintenance-specialist-mechanical-at-sbm-offshore-4392459862,Maintenance Specialist - Mechanical,,scraped,2026-07-21T16:05:00.538357,
916c4ab2f6e2552e,https://gy.linkedin.com/jobs/view/lego%C2%AE-serious-play%C2%AE-at-hopp-foundation-for-computer-literacy-informatics-ggmbh-4442442788,LEGO® SERIOUS PLAY®,,scraped,2026-07-21T16:05:07.660538,
2f0d30165de37b65,https://gy.linkedin.com/jobs/view/payroll-specialist-at-guyana-payroll-solutions-inc-4441257265,Payroll Specialist,,scraped,2026-07-21T16:05:20.832081,
2e62b8972e5a6cff,https://gy.linkedin.com/jobs/view/procurement-officer-at-cornerstone-offshores-services-inc-4443358358,Procurement Officer,CORNERSTONE OFFSHORES SERVICES INC.,posted,2026-07-21T16:05:35.271760,110
5ba12daa35bd9082,https://gy.linkedin.com/jobs/view/document-controller-at-ucc-holding-4443785878,Document Controller,,scraped,2026-07-23T16:12:12.662977,
7f71827249754e20,https://gy.linkedin.com/jobs/view/quantity-surveyor-at-ucc-holding-4443787876,Quantity Surveyor,,scraped,2026-07-23T16:12:19.751187,
0f746249c3ab9ed7,https://gy.linkedin.com/jobs/view/integrity-support-team-at-volt-disability-network-4441388975,Integrity Support Team,Volt Disability Network,posted,2026-07-23T16:12:35.906409,272
050fc72777978099,https://gy.linkedin.com/jobs/view/the-work-beneath-the-work-at-learning-with-lerner-4444450747,The Work Beneath the Work,Learning with Lerner,posted,2026-07-23T16:12:48.219676,274
6a894e63472be57d,https://gy.linkedin.com/jobs/view/in-the-wild-at-learning-with-lerner-4444450746,In the Wild,Learning with Lerner,posted,2026-07-23T16:12:59.272579,276
064666d85b84a430,https://gy.linkedin.com/jobs/view/baker-at-grand-coastal-hotel-4442929333,Baker,,scraped,2026-07-23T16:13:01.847456,
b43185b0796e19f7,https://gy.linkedin.com/jobs/view/storekeeper-at-sbm-offshore-4367899354,Storekeeper,,scraped,2026-07-23T16:13:08.277267,
4263fb9f7d90e083,https://gy.linkedin.com/jobs/view/field-operator-i-tubular-running-services-at-weatherford-4443942547,Field Operator I - Tubular Running Services,Weatherford,posted,2026-07-23T16:13:26.190274,278
584c621c9ae693de,https://gy.linkedin.com/jobs/view/logistics-associate-at-championx-4434985641,Logistics Associate,"MJ2TýàC)&Ð%YZpÞ­8×õÛ³´}ä®nÚÕIU®=Lr_¤ym·ô0id½UË¡î´é°;a{ÙçÒòf¤túÄôeOõÚûª§ð4ÎD©?Ê-çíÀKþ¨nº£Íæ¼øiHs¤ùü.µé¤Ô¹ï7è]fxõéûÍxìQçÓ«ÜÁ®¶Å5õ#N{ïv«êIv·ÛÊk=¬$ZNië$+Å£ÏìJ
©§«Ð a%`ÈQ)G6I-TÈ9ÏÅ}åä½í~2ÔB´8pOZllx'9",posted,2026-07-23T16:13:35.389119,279
ba54e3a88311dc4a,https://gy.linkedin.com/jobs/view/senior-driver-at-iom-un-migration-4442265484,Senior Driver,IOM - UN Migration,posted,2026-07-23T16:13:48.482010,281
9a45c113a7da0760,https://gy.linkedin.com/jobs/view/chuy%C3%AAn-vi%C3%AAn-ha%CC%80nh-chi%CC%81nh-t%E1%BB%95ng-h%E1%BB%A3p-at-c%C3%B4ng-ty-cp-t%E1%BA%ADp-%C4%91o%C3%A0n-th%C3%A1i-b%C3%ACnh-d%C6%B0%C6%A1ng-pacific-corporation-4441029923,Chuyên viên Hành chính tổng hợp,,scraped,2026-07-23T16:13:51.026757,
0ca167087c6747d1,https://gy.linkedin.com/jobs/view/branch-consultant-queenstown-at-sanlam-4441156559,Branch Consultant - Queenstown,Sanlam,posted,2026-07-23T16:14:16.261157,283
a02f18595b1e08a6,https://gy.linkedin.com/jobs/view/production-manager-3-at-hope-for-children-4441916482,Production Manager 3,,scraped,2026-07-23T16:14:20.943502,
6abbf56863db3c60,https://gy.linkedin.com/jobs/view/software-support-at-go-gst-bill-4442516734,Software Support,,scraped,2026-07-23T16:14:27.090704,
c9f33fda19bc24f6,https://gy.linkedin.com/jobs/view/software-support-personnel-at-dakar-software-systems-4441130888,SOFTWARE SUPPORT PERSONNEL,,scraped,2026-07-23T16:14:34.651508,
85d3d33ed59aa50f,https://gy.linkedin.com/jobs/view/accountant-at-airswift-4442168432,Accountant,Airswift,posted,2026-07-23T16:14:58.285629,285
759fb0a362373f7a,https://gy.linkedin.com/jobs/view/support-engineer-at-mobitmedia-4442947692,Support Engineer,,scraped,2026-07-23T16:15:01.061691,
fac8b38cb8d5358d,https://gy.linkedin.com/jobs/view/sales-representative-guyana-at-fernandes-autohandel-n-v-4440114878,Sales Representative Guyana,,scraped,2026-07-23T16:15:07.279223,
562cfec52d41ae66,https://gy.linkedin.com/jobs/view/draftsman-at-ucc-holding-4444450949,Draftsman,,scraped,2026-07-23T16:15:14.042566,
5159529735dd1adb,https://gy.linkedin.com/jobs/view/scooby-at-blue-cross-animals-society-of-victoria-4444233592,Scooby,Blue Cross Animals Society of Victoria,posted,2026-07-23T16:15:28.201224,287
c15e1de741eee196,https://gy.linkedin.com/jobs/view/superviseur-finition-de-b%C3%A9ton-at-g-mining-services-g-services-miniers-4433394278,Superviseur finition de béton,,scraped,2026-07-23T16:15:30.686794,
6c5b79eaa76f7e10,https://gy.linkedin.com/jobs/view/gp-operator-ordinary-seaman-at-sbm-offshore-4442902056,GP Operator Ordinary Seaman,,scraped,2026-07-23T16:15:38.236274,
9a707ae31da14845,https://gy.linkedin.com/jobs/view/gp-operator-ordinary-seaman-at-sbm-offshore-4442684819,GP Operator Ordinary Seaman,,scraped,2026-07-23T16:15:49.791874,
d5e0ce855961a067,https://gy.linkedin.com/jobs/view/gp-operator-ordinary-seaman-at-sbm-offshore-4442686700,GP Operator Ordinary Seaman,,scraped,2026-07-23T16:15:57.021488,
c16ac1988ffd596d,https://gy.linkedin.com/jobs/view/opticien-ne-at-optique-lafayette-auxerre-4443794445,OPTICIEN(NE),,scraped,2026-07-23T16:16:04.325743,
c1a28098c4dd536e,https://gy.linkedin.com/jobs/view/trainer-auto-home-insurance-at-resultscx-4443016640,Trainer - Auto/ Home Insurance,ResultsCX,posted,2026-07-23T16:16:19.095302,289
e4d1fb3fbd0165e0,https://gy.linkedin.com/jobs/view/a-pot-of-soup-is-a-love-letter-to-your-future-self-at-synergistus-bpo-services-co-ltd-4444448922,A pot of soup is a love letter to your future self,,scraped,2026-07-25T14:48:37.381216,
32c1579494c5a1cd,https://gy.linkedin.com/jobs/view/proud-hospitality-group-switches-from-leafe-for-better-ux-functionality-at-aquaint-4444618795,Proud Hospitality Group Switches from Leafe for Better UX & Functionality,,scraped,2026-07-25T14:48:44.016060,
f2c631cda0985a07,https://gy.linkedin.com/jobs/view/we-don-t-need-no-stinking-batches-ask-me-about-driving-for-instacart-at-something-awful-4441846203,We don't need no stinking batches- Ask me about driving for Instacart,Something Awful,posted,2026-07-25T14:48:59.279888,291
119edcaf993bf1f8,https://gy.linkedin.com/jobs/view/farm-insurance-at-unify-insurance-4444606453,Farm Insurance,Unify Insurance,posted,2026-07-25T14:49:10.203988,293
e581fd342e0800ce,https://gy.linkedin.com/jobs/view/facilities-technician-at-saipem-4444732806,Facilities Technician,,scraped,2026-07-25T14:49:12.741220,
9518187f6c897732,https://gy.linkedin.com/jobs/view/how-do-i-get-into-the-practical-special-effects-industry%3F-at-something-awful-4441844320,How do I get into the practical special effects industry?,Something Awful,posted,2026-07-25T14:49:28.989221,295
f16d4a1a662fec6b,https://gy.linkedin.com/jobs/view/young-women%E2%80%99s-empowerment-advocate-at-sandwell-women-s-aid-4444623563,Young Women’s Empowerment Advocate,SANDWELL WOMEN'S AID,posted,2026-07-25T14:49:39.874917,297
3f6979e83031c6c5,https://gy.linkedin.com/jobs/view/production-technician-at-sbm-offshore-4359109158,Production Technician,,scraped,2026-07-25T14:49:42.441409,
32a5abbd6b7f43ae,https://gy.linkedin.com/jobs/view/field-operator-iv-at-baker-hughes-4445279859,Field Operator IV,Baker Hughes,posted,2026-07-25T14:49:55.253269,299
07a2ad301d787dc8,https://gy.linkedin.com/jobs/view/net-developer-brussels-at-digitalpharmasummit-4442493793,Net Developer (Brussels),,scraped,2026-07-25T14:49:57.625675,
4d467fcf5acafa12,https://gy.linkedin.com/jobs/view/line-service-technician-ft-at-cutter-aviation-4443760264,LINE SERVICE TECHNICIAN - FT,Cutter Aviation,posted,2026-07-25T14:50:14.832811,301
078ccbe13ce26dc4,https://gy.linkedin.com/jobs/view/technical-support-engineer-upto-%2450k-yr-at-mercor-4415820152,Technical Support Engineer | Upto $50K/yr,Mercor,posted,2026-07-25T14:50:22.466356,303
e1ad8570c62b5dc3,https://gy.linkedin.com/jobs/view/assistant-storekeeper-at-sbm-offshore-4415697991,Assistant Storekeeper,,scraped,2026-07-25T14:50:25.050622,
2be7b998f5386490,https://gy.linkedin.com/jobs/view/oko-west-project-general-foreman-%E2%80%93-tsf-construction-external-roads-maintenance-at-g-mining-ventures-corp-4441822291,Oko West Project- General Foreman – TSF Construction & External Roads Maintenance,,scraped,2026-07-25T14:50:31.980116,
195df90bafcf3e1f,https://gy.linkedin.com/jobs/view/idb-invest-administrative-and-analytical-support-consultant-at-idb-invest-4441850821,IDB Invest- Administrative and Analytical Support Consultant,IDB Invest,posted,2026-07-25T14:50:44.815660,305
b426ec40e3fbe5d1,https://gy.linkedin.com/jobs/view/civil-geotechnical-engineer-4444403467,CIVIL/GEOTECHNICAL ENGINEER,Geo-Enviro Support Services (Guyana) Inc,posted,2026-07-25T14:50:51.896742,307
cb245a5a1a6f96b9,https://gy.linkedin.com/jobs/view/field-operator-iii-sps-at-baker-hughes-4445297135,Field Operator III - SPS,Baker Hughes,posted,2026-07-25T14:51:00.655851,309
b0f06528004b2e21,https://gy.linkedin.com/jobs/view/concrete-finishing-supervisor-at-g-mining-services-g-services-miniers-4433500375,Concrete Finishing Supervisor,,scraped,2026-07-25T14:51:03.074912,
7d640da0e9514a97,https://gy.linkedin.com/jobs/view/lab-manager-at-baker-hughes-4444720732,Lab Manager,Baker Hughes,posted,2026-07-25T14:51:16.059127,311
f72bdaa09a01b881,https://gy.linkedin.com/jobs/view/electrical-technician-at-sbm-offshore-4359172012,Electrical Technician,,scraped,2026-07-25T14:51:18.832940,
b0185037191ec442,https://gy.linkedin.com/jobs/view/instrument-technician-at-sbm-offshore-4392144847,Instrument Technician,,scraped,2026-07-25T14:51:27.959854,
6976f0cbc64d52c4,https://gy.linkedin.com/jobs/view/operations-coordinator-intervention-services-drilling-tools-fishing-and-re-entry-at-weatherford-4397367725,Operations Coordinator / Intervention Services & Drilling Tools / Fishing and Re-Entry,Weatherford,posted,2026-07-25T14:51:50.645941,313
646e922e21eb1f1c,https://gy.linkedin.com/jobs/view/fots-sales-agent-at-digicel-group-4440419099,FOTS Sales Agent,,scraped,2026-07-25T14:51:53.243807,
8678905119c110fd,https://gy.linkedin.com/jobs/view/korean-admission-executive-korean-nationality-required-at-vinschool-4444969844,Korean Admission Executive (Korean Nationality Required),,scraped,2026-07-25T14:52:08.137410,
94ec6e48e1cf5c6a,https://gy.linkedin.com/jobs/view/family-coordinator-remote-caribbean-at-meadow-memorials-4444966580,"Family Coordinator (Remote, Caribbean)",Meadow Memorials,posted,2026-07-27T17:14:32.077251,315
93de33732e15b18f,https://gy.linkedin.com/jobs/view/what-our-volunteers-say-at-guildford-cathedral-4445648673,WHAT OUR VOLUNTEERS SAY:,Guildford Cathedral,posted,2026-07-27T17:15:08.352513,317
f4079fa5c2fee4d4,https://gy.linkedin.com/jobs/view/marketing-executive-%E2%80%93-guyana-at-laparkan-shipping-suriname-4442386104,Marketing Executive – Guyana,,scraped,2026-07-27T17:15:11.047102,
771f02573fd74187,https://gy.linkedin.com/jobs/view/explore-academic-support-positions-at-the-24-fund-4445944036,Explore Academic Support Positions,The 24 Fund,posted,2026-07-27T17:15:24.137650,319
505fcd1543633b50,https://gy.linkedin.com/jobs/view/better-skills-better-jobs-better-future-at-landbased-training-limited-4444815540,"Better Skills, Better Jobs, Better Future",LANDBASED TRAINING LIMITED,posted,2026-07-27T17:15:34.430458,321
e144a1418843c47b,https://gy.linkedin.com/jobs/view/better-skills-better-jobs-better-future-at-landbased-training-limited-4444699677,"Better Skills, Better Jobs, Better Future",LANDBASED TRAINING LIMITED,scraped,2026-07-27T17:15:38.245415,
3b80045fae6684fc,https://gy.linkedin.com/jobs/view/dispatcher-representative-native-english-caribbean-latam-remote-at-geeks-on-site-4444450378,Dispatcher Representative (Native English - Caribbean & LATAM) - Remote,Geeks on Site,posted,2026-07-27T17:15:46.168728,323
21e2d5f03207e9fc,https://gy.linkedin.com/jobs/view/farm-supervisor-trow-farm-at-the-donkey-sanctuary-4443135964,Farm Supervisor- Trow Farm,The Donkey Sanctuary,posted,2026-07-27T17:15:58.220229,325
cbbcdd636f70e15b,https://gy.linkedin.com/jobs/view/community-manager-at-dehealth-4443534348,Community Manager,DeHealth,posted,2026-07-27T17:16:07.933204,327
bac2f1647d06632b,https://gy.linkedin.com/jobs/view/hse-advisor-at-superior-concrete-4442389136,HSE Advisor,,scraped,2026-07-27T17:16:10.669024,
adc70404c3f198ea,https://gy.linkedin.com/jobs/view/niet-vervelen-tijdens-de-lange-schoolvakantie-at-van-jong-tot-oud-4445652525,Niet vervelen tijdens de lange schoolvakantie,,scraped,2026-07-27T17:16:18.875028,
10b515564564b855,https://gy.linkedin.com/jobs/view/support-rpg-at-altonimbus-entertainment-4445361239,"Support, RPG",ALTONIMBUS ENTERTAINMENT,posted,2026-07-27T17:16:32.403480,329
9f768f0567df1c48,https://gy.linkedin.com/jobs/view/support-fashion-at-altonimbus-entertainment-4445350765,"Support, Fashion",ALTONIMBUS ENTERTAINMENT,posted,2026-07-27T17:16:41.643551,331
43d1c1bbfac9ca10,https://gy.linkedin.com/jobs/view/career-support-%C2%BB-at-centre-for-metamaterial-research-and-innovation-cmri-university-of-exeter-4444371747,Career Support »,,scraped,2026-07-27T17:16:44.169662,
e5132b9e6eb4a35d,https://gy.linkedin.com/jobs/view/electrical-mechanic-at-superior-concrete-4442397107,Electrical Mechanic,,scraped,2026-07-27T17:16:51.279566,
472570b6c8369a46,https://gy.linkedin.com/jobs/view/memories-and-quest-at-pixelplayxr-4444864019,Memories and Quest,PixelPlayXR,posted,2026-07-27T17:17:11.111570,333
7c3ddeebec502f9c,https://gy.linkedin.com/jobs/view/customer-support-specialist-at-building-ventures-4444681914,Customer Support Specialist,Building Ventures,posted,2026-07-27T17:17:20.494550,335
724a75b350844ccc,https://gy.linkedin.com/jobs/view/support-staff-registration-at-altonimbus-entertainment-4445349827,"Support, Staff Registration",ALTONIMBUS ENTERTAINMENT,posted,2026-07-27T17:17:29.992629,337
27625c9475abef13,https://gy.linkedin.com/jobs/view/senior-procurement-engineer-at-ucc-holding-4445921053,Senior Procurement Engineer,,scraped,2026-07-27T17:17:32.594384,
8104917d313163ef,https://gy.linkedin.com/jobs/view/support-larp-at-altonimbus-entertainment-4445352724,"Support, LARP",ALTONIMBUS ENTERTAINMENT,posted,2026-07-27T17:17:46.058276,339
4c16a01eb59484a8,https://gy.linkedin.com/jobs/view/administrative-assistant-at-global-edge-group-4445967192,Administrative Assistant,Global Edge Group,posted,2026-07-27T17:17:55.207218,341
91a75e2bed9ef3a1,https://gy.linkedin.com/jobs/view/support-karaoke-at-altonimbus-entertainment-4445360249,"Support, Karaoke",ALTONIMBUS ENTERTAINMENT,posted,2026-07-27T17:18:04.575692,343
c34b780c857c6ccb,https://gy.linkedin.com/jobs/view/mixer-truck-driver-at-superior-concrete-4442394137,Mixer Truck Driver,,scraped,2026-07-27T17:18:07.187107,
e4757ae34a68c7bc,https://gy.linkedin.com/jobs/view/oko-gold-project-accountant-analyst-at-g-mining-ventures-corp-4441531667,Oko Gold Project- Accountant Analyst,,scraped,2026-07-27T17:18:13.213454,
b2dd40fbb9eb6907,https://gy.linkedin.com/jobs/view/quantity-surveyor-at-ucc-holding-4443984006,Quantity Surveyor,,scraped,2026-07-27T17:18:21.587220,
30e37c1c0313ac18,https://gy.linkedin.com/jobs/view/support-tabletop-library-at-altonimbus-entertainment-4445363126,"Support, Tabletop Library",ALTONIMBUS ENTERTAINMENT,posted,2026-07-27T17:18:34.834335,345
525fe6bdea5a2ea6,https://gy.linkedin.com/jobs/view/concrete-project-engineer-at-superior-concrete-4442392133,Concrete Project Engineer,,scraped,2026-07-27T17:18:39.455880,
f4b9a85965fe35c8,https://gy.linkedin.com/jobs/view/office-support-roles-at-allbritten-the-barefoot-plumber-4444813771,Office & Support Roles,"Allbritten, The Barefoot Plumber",posted,2026-07-27T17:18:53.785810,347
db807aff01a9ead3,https://gy.linkedin.com/jobs/view/audit-clerk-at-acca-careers-4445926271,Audit clerk,,scraped,2026-07-27T17:18:56.412084,
66bd8b2ff78a9b36,https://gy.linkedin.com/jobs/view/direct-support-professionals-dsps-at-community-care-partners-nj-4443939445,Direct Support Professionals (DSPs),Community Care Partners NJ,posted,2026-07-27T17:19:11.905322,349
6c19949034101527,https://gy.linkedin.com/jobs/view/celery-farm-at-us-gove-4445901734,Celery Farm,US Gove,posted,2026-07-27T17:19:21.281398,351
fa6936467bc50dfa,https://gy.linkedin.com/jobs/view/dra-world-services-support-email-responder-at-dual-recovery-anonymous-world-services-inc-4445650935,DRA World Services Support Email Responder,Dual Recovery Anonymous World Services Inc.,posted,2026-07-27T17:19:34.236775,353
edd018904fc113e2,https://gy.linkedin.com/jobs/view/support-for-businesses-at-rebuild-phl-4446146223,Support for businesses,Rebuild PHL,posted,2026-07-29T16:00:59.520478,355
973d104f7149dc00,https://gy.linkedin.com/jobs/view/ecommerce-database-support-specialist-at-printwand-4446416199,Ecommerce Database Support Specialist,Printwand,posted,2026-07-29T16:01:09.527401,357
db0e7f2cee959b9c,https://gy.linkedin.com/jobs/view/service-and-support-application-at-terlingua-csd-4446049875,Service and Support Application,Terlingua CSD,posted,2026-07-29T16:01:20.248252,359
56320da06a4f30b2,https://gy.linkedin.com/jobs/view/administrative-support-service-at-sabnam-exports-4444856248,Administrative Support Service,Sabnam Exports,posted,2026-07-29T16:01:29.583462,361
e6239b105cae8662,https://gy.linkedin.com/jobs/view/shipping-and-customs-officer-at-saipem-4445963592,Shipping and Customs Officer,,scraped,2026-07-29T16:01:32.255792,
5005d47feee4b597,https://gy.linkedin.com/jobs/view/recruitment-support-service-at-sabnam-exports-4444852261,Recruitment Support Service,Sabnam Exports,posted,2026-07-29T16:01:46.754820,363
d8debdae0c1fab24,https://gy.linkedin.com/jobs/view/administrative-finance-officer-at-superior-concrete-4442392134,Administrative & Finance Officer,,scraped,2026-07-29T16:01:49.402888,
1da03e81d8b277ff,https://gy.linkedin.com/jobs/view/oko-west-project-protocol-assistant-at-g-mining-ventures-corp-4442872101,OKO West Project- Protocol Assistant,,scraped,2026-07-29T16:01:55.525848,
960736766bb14fe7,https://gy.linkedin.com/jobs/view/batch-plant-operator-at-superior-concrete-4442397108,Batch Plant Operator,,scraped,2026-07-29T16:02:02.589017,
29b908474b3b8fd9,https://gy.linkedin.com/jobs/view/buyer-at-sbm-offshore-4444034238,Buyer,,scraped,2026-07-29T16:02:08.602191,
5e74f05971b1840d,https://gy.linkedin.com/jobs/view/m%C3%A9canicien-monteur-livreur-f-h-%E2%80%93-rural-master-l%E2%80%99union-at-rural-master-landivisiau-4445446053,Mécanicien / Monteur / Livreur F/H – Rural Master L’Union,,scraped,2026-07-29T16:02:17.578959,
a6e1b25fa1380766,https://gy.linkedin.com/jobs/view/business-development-assistant-at-tis-energy-4444879494,Business Development Assistant,TIS Energy,posted,2026-07-29T16:02:34.787562,365
2a656b7527fe50e2,https://gy.linkedin.com/jobs/view/field-service-operations-support-specialist-amer-north-at-w%C3%A4rtsil%C3%A4-4446537538,Field Service Operations Support Specialist - AMER North,,scraped,2026-07-29T16:02:37.445157,
bc0de1191dfe4f4c,https://gy.linkedin.com/jobs/view/maintenance-specialist-vendor-and-repair-at-sbm-offshore-4443866544,Maintenance Specialist - Vendor and Repair,,scraped,2026-07-29T16:02:50.631749,
89d1f9f21e18dd1c,https://gy.linkedin.com/jobs/view/contract-installations-manager-at-howdens-4445952732,Contract Installations Manager,,scraped,2026-07-29T16:03:01.892520,
61f44aa71c43e866,https://gy.linkedin.com/jobs/view/elementary-academic-support-paraprofessional-at-saint-charles-community-school-district-4444144246,Elementary Academic Support Paraprofessional,SAINT CHARLES COMMUNITY SCHOOL DISTRICT,posted,2026-07-31T16:27:26.400825,367
f0091dc3b906dbff,https://gy.linkedin.com/jobs/view/vaga-de-emprego-at-shuyodan-do-brasil-4444829281,Vaga de emprego,,scraped,2026-07-31T16:27:29.032197,
c32185e948926e32,https://gy.linkedin.com/jobs/view/farm-worker-groom-at-the-donkey-sanctuary-4445002230,Farm Worker/Groom,The Donkey Sanctuary,posted,2026-07-31T16:27:46.962165,369
18a0da6afa8dbc56,https://gy.linkedin.com/jobs/view/hse-officer-at-ucc-holding-4445917191,HSE Officer,,scraped,2026-07-31T16:27:49.578489,
f8977f5ff5131db0,https://gy.linkedin.com/jobs/view/cook-at-pikes-peak-post-acute-4446154859,Cook,Pikes Peak Post Acute,posted,2026-07-31T16:28:03.010920,371
51e43cbf0d16d312,https://gy.linkedin.com/jobs/view/procurement-manager-at-airswift-4446300034,Procurement Manager,Airswift,posted,2026-07-31T16:28:18.637515,373
c8750adc7aee24ce,https://gy.linkedin.com/jobs/view/oko-west-project-site-services-electrician-at-g-mining-ventures-corp-4442884410,OKO West Project- Site Services Electrician,,scraped,2026-07-31T16:28:21.236175,
60462c0cf115ce2f,https://gy.linkedin.com/jobs/view/technicien-support-client-at-genin-techmed-4447053831,Technicien Support Client,,scraped,2026-07-31T16:28:30.336479,
1764b0b1fce5b9b1,https://gy.linkedin.com/jobs/view/hw-3-9-catalytic-conversion-of-biomass-to-synthesis-gas-for-green-industrial-processing-at-cdt-in-green-industrial-futures-4445694078,HW-3-9 CATALYTIC CONVERSION OF BIOMASS TO SYNTHESIS GAS FOR GREEN INDUSTRIAL PROCESSING,,scraped,2026-07-31T16:28:41.685140,
4109ca0ea98ddec0,https://gy.linkedin.com/jobs/view/regional-sales-coordinator-at-amaranth-business-solutions-limited-4446336356,Regional Sales Coordinator,,scraped,2026-07-31T16:28:49.657571,
b66e031d6fae9d56,https://gy.linkedin.com/jobs/view/taalondersteuner-ehb-school-of-health-environment-%E2%80%93-10%25-at-research-centre-for-preventive-health-innovation-ehb-4446713125,Taalondersteuner EhB School of Health & Environment – 10%,,scraped,2026-07-31T16:28:56.934703,
5f9d606e75cb8845,https://gy.linkedin.com/jobs/view/outside-sales-representative-at-cma-cgm-4446850371,Outside Sales Representative,CMA CGM,posted,2026-07-31T16:29:18.787601,375
95b61e45a14fdf1e,https://gy.linkedin.com/jobs/view/hybrid-patient-safety-observer-district-float-pool-per-diem-days-mss-at-memorial-healthcare-system-4444395843,Hybrid Patient Safety Observer - District Float Pool - Per Diem - Days - MSS,Memorial Healthcare System,posted,2026-07-31T16:29:28.642248,377
b5fc3bc17a7e74c0,https://gy.linkedin.com/jobs/view/community-nursery-nurse-community-nursing-at-nhs-ayrshire-arran-4445076600,Community Nursery Nurse - Community Nursing,,scraped,2026-07-31T16:29:31.061797,
87bea55ab25c177a,https://gy.linkedin.com/jobs/view/production-technician-at-sbm-offshore-4445189578,Production Technician,,scraped,2026-07-31T16:29:41.126497,
b2285baef34f22a7,https://gy.linkedin.com/jobs/view/heavy-duty-mechanic-at-saipem-4447545232,Heavy Duty Mechanic,,scraped,2026-07-31T16:29:48.550238,
346f5a0915db71ed,https://gy.linkedin.com/jobs/view/security-guard-at-grand-coastal-hotel-4446792933,Security Guard,,scraped,2026-08-01T14:48:18.902677,
b337f53969bb6d6a,https://gy.linkedin.com/jobs/view/farm-program-assistant-hale-farm-village-at-cleveland-history-center-4447703372,"Farm Program Assistant, Hale Farm & Village",Cleveland History Center,posted,2026-08-01T14:48:36.220294,379
8103a10efa2f5f81,https://gy.linkedin.com/jobs/view/support-analyst-at-easiio-inc-4447811102,Support Analyst,"Easiio, Inc",posted,2026-08-01T14:48:53.057940,381
e84fa98ad7451d80,https://gy.linkedin.com/jobs/view/direct-support-professional-dsp-at-west-mont-4443232378,Direct Support Professional (DSP),West Mont,posted,2026-08-01T14:49:03.888255,383
28a64cd62d0ca382,https://gy.linkedin.com/jobs/view/sende-uns-deine-bewerbung-at-iptor-multiflex-4445633815,SENDE UNS DEINE BEWERBUNG,,scraped,2026-08-01T14:49:06.429395,
bd06c9408b987966,https://gy.linkedin.com/jobs/view/new-business-sales-consultant-at-accomplish-today-recruitment-4447793342,New Business Sales Consultant,,scraped,2026-08-01T14:49:17.268712,
9a13ffd1fd45a117,https://gy.linkedin.com/jobs/view/inspire%E2%80%99s-support-squad-at-inspire-program-4443638418,INSPIRE’S SUPPORT SQUAD,,scraped,2026-08-01T14:49:27.714711,
5a9ae549fe98ef78,https://gy.linkedin.com/jobs/view/field-service-support-administrator-at-w%C3%A4rtsil%C3%A4-4446537538,Field Service Support Administrator,,scraped,2026-08-01T14:49:36.021027,
03d8d6177155d786,https://gy.linkedin.com/jobs/view/operations-supervisor-at-alsa-4445491593,Operations Supervisor,,scraped,2026-08-01T14:49:43.143830,
043e5275a9923736,https://gy.linkedin.com/jobs/view/be-proactive-and-apply%21-accountant-opportunities-in-guyana-at-sbm-offshore-4447177687,Be proactive and apply! Accountant opportunities in Guyana,,scraped,2026-08-01T14:49:57.023635,
c332093c54a94344,https://gy.linkedin.com/jobs/view/responsable-d-atelier-m%C3%A9canique-et-flotte-poids-lourds-bus-h-f-cdi-100%25-at-alsa-4445021032,RESPONSABLE D'ATELIER MÉCANIQUE ET FLOTTE - POIDS LOURDS & BUS (H/F) CDI - 100%,,scraped,2026-08-01T14:50:06.149804,
e967ee3cbcb44918,https://gy.linkedin.com/jobs/view/k%C3%BCchenhilfe-w-m-d-at-doreafamilie-4446439533,Küchenhilfe (w/m/d) *,DOREAFAMILIE,posted,2026-08-01T14:50:25.115416,385
8423f6ed13d6660f,https://gy.linkedin.com/jobs/view/graphics-designer-at-elevate-calls-inc-4448139757,Graphics Designer,Elevate Calls Inc.,posted,2026-08-03T17:27:37.375803,387
79fd90e938b6d12f,https://gy.linkedin.com/jobs/view/pt-receptionist-at-pikes-peak-post-acute-4448182767,PT Receptionist,Pikes Peak Post Acute,posted,2026-08-03T17:27:46.057656,389
b0e30d92d85e78d5,https://gy.linkedin.com/jobs/view/support-staff-vacancies-at-the-helena-romanes-school-4447835083,SUPPORT STAFF VACANCIES,THE HELENA ROMANES SCHOOL,posted,2026-08-03T17:27:58.680631,391
a41ed19795ce16a3,https://gy.linkedin.com/jobs/view/career-exploration-and-support-at-wvu-college-of-physical-activity-and-sport-sciences-4446556448,Career Exploration and Support,WVU College of Physical Activity and Sport Sciences,posted,2026-08-03T17:28:09.888879,393
9eb10461f74fa5ab,https://gy.linkedin.com/jobs/view/vacation-rental-property-management-guest-support-at-onlinejobs-ph-4447471032,Vacation Rental Property Management : Guest Support,OnlineJobs.PH,posted,2026-08-03T17:28:20.709863,395
35ea017ce5f3787f,https://gy.linkedin.com/jobs/view/get-career-support-at-autism-acceptance-4445071064,Get Career Support,Autism Acceptance,posted,2026-08-03T17:28:29.361193,397
2518bee9a8d7f670,https://gy.linkedin.com/jobs/view/security-supervisor-offshore-at-airswift-4447050052,Security Supervisor [Offshore],Airswift,posted,2026-08-03T17:28:38.362262,399
09d95534ef477c3b,https://gy.linkedin.com/jobs/view/equipes-support-at-fregis-4446872571,Equipes support,FREGIS,posted,2026-08-03T17:28:47.220593,401
d1432d99addc714d,https://gy.linkedin.com/jobs/view/copier-printer-technician-at-zenith-services-inc-zsi-4447903193,Copier / Printer Technician,,scraped,2026-08-03T17:28:49.808610,
d2bdb280a267a1c4,https://gy.linkedin.com/jobs/view/marketing-assistant-at-global-edge-group-4447030195,Marketing Assistant,Global Edge Group,posted,2026-08-03T17:29:03.596899,403
d3a0c7249010c4eb,https://gy.linkedin.com/jobs/view/accountant-at-mf-hack-trading-enterprise-4445589974,Accountant,MF Hack Trading Enterprise,posted,2026-08-03T17:29:11.765350,285
15153a30b3b85d71,https://gy.linkedin.com/jobs/view/teacher-assistant-special-education-at-davis-school-district-4445450580,Teacher Assistant - Special Education,Davis School District,posted,2026-08-03T17:29:22.241107,405
2385f71c8edd00b8,https://gy.linkedin.com/jobs/view/lpn-at-phoenix-senior-living-4446169364,LPN,Phoenix Senior Living,posted,2026-08-03T17:29:31.140127,407
0a050c0529b8e9fa,https://gy.linkedin.com/jobs/view/stagiair-e-process-excellence-at-dcspine-4447622765,Stagiair(e) Process Excellence,DCspine,posted,2026-08-03T17:29:45.344534,409
0e348905fc279d87,https://gy.linkedin.com/jobs/view/security-advisor-ii-at-global-edge-group-4446139560,Security Advisor II,Global Edge Group,posted,2026-08-03T17:29:54.011617,411
9065f6e332925d85,https://gy.linkedin.com/jobs/view/gps-base-station-electronic-design-at-ceyas-tech-4448207048,GPS base station - electronic design,,scraped,2026-08-03T17:29:56.406911,
4c51d819ebd76dbf,https://gy.linkedin.com/jobs/view/vacature-administratief-medewerker-at-agf-siere-4447657623,Vacature: Administratief Medewerker,,scraped,2026-08-03T17:30:02.384139,
10f5c429ed2c03b6,https://gy.linkedin.com/jobs/view/relief-services-assistant-mcrd-at-navy-marine-corp-society-4447804412,Relief Services Assistant - MCRD,Navy Marine Corp Society,posted,2026-08-03T17:30:20.831377,413
ca1f17f50aca9531,https://gy.linkedin.com/jobs/view/work-with-lobbyrank-at-lobby-rank-4449415522,Work with LobbyRank,Lobby Rank,posted,2026-08-05T16:22:21.319712,415
5f431fcd67086e22,https://gy.linkedin.com/jobs/view/speculative-application-at-amann-girrbach-mea-turkey-4448969481,Speculative application,Amann Girrbach MEA &amp; Turkey,posted,2026-08-05T16:22:31.194004,417
6b763df4d7837210,https://gy.linkedin.com/jobs/view/support-at-corporate-travel-specialists-4445010516,Support,,scraped,2026-08-05T16:22:33.872709,
c5aef232d4382fd9,https://gy.linkedin.com/jobs/view/resume-and-interview-support-at-adeptio-enterprises-4445598452,Resume and Interview Support,Adeptio Enterprises,posted,2026-08-05T16:22:47.204386,419
b01b944bee9c827b,https://gy.linkedin.com/jobs/view/wholesale-and-retail-buyers-except-farm-products-at-jobspeopledo-com-4449488686,"Wholesale and Retail Buyers, Except Farm Products",JobsPeopleDo.com,posted,2026-08-05T16:22:56.423173,421
04462dac4cbb794e,https://gy.linkedin.com/jobs/view/spier-at-vini-del-sudafrica-4448919952,Spier,Vini del Sudafrica,posted,2026-08-05T16:23:05.287566,423
6d8617821712ce9b,https://gy.linkedin.com/jobs/view/spier-at-vini-del-sudafrica-4448916856,Spier,Vini del Sudafrica,posted,2026-08-05T16:23:10.004400,423
2759c2cfc7d587fc,https://gy.linkedin.com/jobs/view/%E0%A6%B6%E0%A7%8B%E0%A6%B0%E0%A7%81%E0%A6%AE-%E0%A6%85%E0%A6%A1%E0%A6%BF%E0%A6%9F-%E0%A6%AC%E0%A6%BF%E0%A6%AD%E0%A6%BE%E0%A6%97%E0%A7%87-%E0%A6%A8%E0%A6%BF%E0%A6%AF%E0%A6%BC%E0%A7%8B%E0%A6%97-%E0%A6%A6%E0%A7%87%E0%A6%AC%E0%A7%87-%E0%A6%AE%E0%A6%BF%E0%A6%A8%E0%A6%BF%E0%A6%B8%E0%A7%8D%E0%A6%9F%E0%A6%BE%E0%A6%B0-at-amader-shomoy-4447364577,শোরুম অডিট বিভাগে নিয়োগ দেবে মিনিস্টার,,scraped,2026-08-05T16:23:12.535168,
07a18e199c0c3cc5,https://gy.linkedin.com/jobs/view/lac-strategic-ventures-at-lac-strategic-ventures-4449427940,LAC Strategic Ventures,LAC Strategic Ventures,posted,2026-08-05T16:23:25.881486,425
f6986de2a34a41ad,https://gy.linkedin.com/jobs/view/glaziers-at-jobspeopledo-com-4449493521,Glaziers,JobsPeopleDo.com,posted,2026-08-05T16:23:36.467830,427
b65df580af3f7ffb,https://www.linkedin.com/jobs/view/2048/,"1,000+Senior Principal Software Engineer Jobs in United States",,failed|wp_post_failed,2026-08-05T16:23:40.874351,
39e8cbb47ffff74c,https://gy.linkedin.com/jobs/view/what-are-the-four-pillars-of-oop-and-what-is-the-difference-between-abstraction-and-encapsulation%3F-at-preptima-4448915676,"What are the four pillars of OOP, and what is the difference between abstraction and encapsulation?",Preptima,posted,2026-08-05T16:23:50.681224,429
e0bd692bff7d0447,https://gy.linkedin.com/jobs/view/people-team-orientation-coordinator-at-fast-pace-urgent-care-center-4449094081,People Team Orientation Coordinator,Fast Pace Urgent Care Center,posted,2026-08-05T16:23:59.620275,431
4e5bdb562ca478e4,https://gy.linkedin.com/jobs/view/application-support-analyst-at-resumeally-4449088984,Application Support Analyst,ResumeAlly,posted,2026-08-05T16:24:08.664711,433
b36d6dba2095ea78,https://gy.linkedin.com/jobs/view/territory-representative-at-howdens-4448307595,Territory Representative,,scraped,2026-08-05T16:24:11.273429,
7fc587efad23defe,https://gy.linkedin.com/jobs/view/affiliate-marketeer-at-bobex-com-4449445154,Affiliate Marketeer,,scraped,2026-08-05T16:24:18.016666,
fa2677a7061b274c,https://gy.linkedin.com/jobs/view/customer-support-presales-specialist-at-scl-4449490968,Customer Support & Presales Specialist,,scraped,2026-08-05T16:24:25.008289,
6db717c6b45bf621,https://gy.linkedin.com/jobs/view/community-relations-specialist-ft-days-mss-at-memorial-healthcare-system-4448547293,Community Relations Specialist - FT- Days- MSS,Memorial Healthcare System,posted,2026-08-05T16:24:38.033671,435
f710912b8c40ee5c,https://gy.linkedin.com/jobs/view/oko-gold-project-expeditor-at-g-mining-ventures-corp-4446213784,OKO Gold Project - Expeditor,,scraped,2026-08-05T16:24:40.561305,
f353c55b412b8637,https://gy.linkedin.com/jobs/view/support-office-at-golf-leisure-limited-4446698278,Support Office,GOLF LEISURE LIMITED,posted,2026-08-05T16:24:52.964493,437
137b56a44d74376d,https://gy.linkedin.com/jobs/view/engineering-manager-at-openskills-4447352654,Engineering Manager,OpenSkills,posted,2026-08-05T16:25:09.009575,439
d4005465c7aa9db3,https://gy.linkedin.com/jobs/view/retail-services-representative-at-harris-paints-international-ltd-4448593971,RETAIL SERVICES REPRESENTATIVE,,scraped,2026-08-05T16:25:13.746852,
9999e8463540537e,https://gy.linkedin.com/jobs/view/site-logistic-officer-at-saipem-4448629395,Site Logistic Officer,,scraped,2026-08-05T16:25:20.792936,
4b00dc55da589c63,https://gy.linkedin.com/jobs/view/adding-a-human-in-the-loop-at-academind-4449061163,"Adding a ""Human In The Loop""",Academind,posted,2026-08-05T16:25:37.004231,441
3605724d0e67d731,https://gy.linkedin.com/jobs/view/ma%C3%AFt%C3%A9-dubois-at-acrofrance-4447395177,MAÏTÉ DUBOIS,,scraped,2026-08-05T16:25:39.603889,
c8655528be1ab53f,https://gy.linkedin.com/jobs/view/site-logistics-coordinator-at-saipem-4447206576,Site Logistics Coordinator,,scraped,2026-08-05T16:25:49.496952,
e680386d31d3fe0d,https://gy.linkedin.com/jobs/view/design-branding-at-diversity-career-college-vocational-school-4449093583,Design / Branding,Diversity Career College Vocational School,posted,2026-08-05T16:26:06.393085,443
72941fbe45dd40c3,https://gy.linkedin.com/jobs/view/family-support-%E2%80%93-positive-family-coaching-pfc-at-encircle-families-formerly-raising-special-kids-4449034922,FAMILY SUPPORT – POSITIVE FAMILY COACHING (PFC),Encircle Families (formerly Raising Special Kids),posted,2026-08-05T16:26:15.247824,445
3d8454e22a435ec1,https://gy.linkedin.com/jobs/view/family-support-%E2%80%93-positive-family-coaching-pfc-trainer%E2%80%AF-at-encircle-families-formerly-raising-special-kids-4449039840,FAMILY SUPPORT – POSITIVE FAMILY COACHING (PFC) TRAINER,Encircle Families (formerly Raising Special Kids),posted,2026-08-05T16:26:23.846703,447
02503465a5254314,https://gy.linkedin.com/jobs/view/sheq-manager-at-mowlem-international-ltd-4448558329,SHEQ Manager,Mowlem International LTD,posted,2026-08-05T16:27:22.439559,449
0d875869bfc874c1,https://gy.linkedin.com/jobs/view/analyst-customer-product-support-at-tribeca-venture-partners-4447375308,"Analyst, Customer & Product Support",Tribeca Venture Partners,posted,2026-08-05T16:27:31.523060,451
6b76cdacd650d697,https://gy.linkedin.com/jobs/view/l1-support-professional-at-compugroup-medical-se-co-kgaa-4439915323,L1 Support Professional,,scraped,2026-08-05T16:27:38.284681,
981e88671ad7debb,https://gy.linkedin.com/jobs/view/%E0%A6%97%E0%A7%83%E0%A6%B9%E0%A6%BE%E0%A6%AF%E0%A6%BC%E0%A6%A3-%E0%A6%93-%E0%A6%97%E0%A6%A3%E0%A6%AA%E0%A7%82%E0%A6%B0%E0%A7%8D%E0%A6%A4-%E0%A6%AE%E0%A6%A8%E0%A7%8D%E0%A6%A4%E0%A7%8D%E0%A6%B0%E0%A6%A3%E0%A6%BE%E0%A6%B2%E0%A6%AF%E0%A6%BC%E0%A7%87%E0%A6%B0-%E0%A6%85%E0%A6%A7%E0%A7%80%E0%A6%A8%E0%A7%87-%E0%A6%9A%E0%A6%BE%E0%A6%95%E0%A6%B0%E0%A6%BF-%E0%A6%AA%E0%A6%A6-%E0%A7%A7%E0%A7%AD%E0%A7%AD-at-amader-shomoy-4447382013,"গৃহায়ণ ও গণপূর্ত মন্ত্রণালয়ের অধীনে চাকরি, পদ ১৭৭",,scraped,2026-08-05T16:27:45.487804,
f4a2bc583bba5d8c,https://gy.linkedin.com/jobs/view/cheolabs-no-2-at-cheolabs-4448930176,Cheolabs No:2,CheoLabs,posted,2026-08-05T16:27:57.483299,453
ab6a1115a7fe8629,https://gy.linkedin.com/jobs/view/%EC%A4%91%EC%95%99%EB%8C%80%ED%95%99%EA%B5%90-%EC%B2%A8%EB%8B%A8%EC%86%8C%EC%9E%AC%EA%B3%B5%ED%95%99%EA%B3%BC-%EC%8B%A0%EC%9E%84%EA%B5%90%EC%9B%90-%EC%B4%88%EB%B9%99%EA%B3%B5%EA%B3%A0-%7E5-6-at-the-korean-electrochemical-society-%ED%95%9C%EA%B5%AD%EC%A0%84%EA%B8%B0%ED%99%94%ED%95%99%ED%9A%8C-4449484493,[중앙대학교] 첨단소재공학과 신임교원 초빙공고 (~5/6),The Korean Electrochemical Society (한국전기화학회),posted,2026-08-05T16:28:05.169611,455
6fe046ed1176e562,https://gy.linkedin.com/jobs/view/i-m-emotional-support-at-texas-chapter-american-college-of-physicians-4447325831,I.M. Emotional Support,"Texas Chapter, American College of Physicians",posted,2026-08-05T16:28:14.152332,457
9377bb5a4d18b4a8,https://gy.linkedin.com/jobs/view/taalondersteuner-school-of-design-technology-%E2%80%93-10%25-at-research-centre-for-preventive-health-innovation-ehb-4447756144,Taalondersteuner School of Design & Technology – 10%,,scraped,2026-08-05T16:28:16.597020,
8e188c6edec5ccaf,https://gy.linkedin.com/jobs/view/%E0%A7%AA-%E0%A6%95%E0%A7%8D%E0%A6%AF%E0%A6%BE%E0%A6%9F%E0%A6%BE%E0%A6%97%E0%A6%B0%E0%A6%BF%E0%A6%A4%E0%A7%87-%E0%A6%85%E0%A6%AB%E0%A6%BF%E0%A6%B8%E0%A6%BE%E0%A6%B0-%E0%A6%95%E0%A7%8D%E0%A6%AF%E0%A6%BE%E0%A6%A1%E0%A7%87%E0%A6%9F-%E0%A6%A8%E0%A7%87%E0%A6%AC%E0%A7%87-%E0%A6%AC%E0%A6%BE%E0%A6%82%E0%A6%B2%E0%A6%BE%E0%A6%A6%E0%A7%87%E0%A6%B6-%E0%A6%B8%E0%A7%87%E0%A6%A8%E0%A6%BE%E0%A6%AC%E0%A6%BE%E0%A6%B9%E0%A6%BF%E0%A6%A8%E0%A7%80-at-amader-shomoy-4447359747,৪ ক্যাটাগরিতে অফিসার ক্যাডেট নেবে বাংলাদেশ সেনাবাহিনী,,scraped,2026-08-05T16:28:24.256456,
4c5ccb32b7a49652,https://gy.linkedin.com/jobs/view/mentoring-resource-library-at-texas-chapter-american-college-of-physicians-4447326775,Mentoring Resource Library,"Texas Chapter, American College of Physicians",posted,2026-08-05T16:28:37.577107,459
39d2acff0ee22810,https://gy.linkedin.com/jobs/view/event-support-specialist-custodial-at-city-of-mission-texas-4448949638,Event Support Specialist (Custodial),City of Mission Texas,posted,2026-08-05T16:28:46.532505,461
b6311b93e85f91f2,https://gy.linkedin.com/jobs/view/adventure-course-facilitator-at-ymca-of-kokomo-4449427285,ADVENTURE COURSE FACILITATOR,YMCA of Kokomo,posted,2026-08-05T16:28:51.340507,180
9753af2d7fbfd850,https://gy.linkedin.com/jobs/view/openai-setup-pricing-at-academind-4449049835,OpenAI Setup & Pricing,Academind,posted,2026-08-05T16:29:02.331855,463
676d9a18d1418af4,https://gy.linkedin.com/jobs/view/verzorgende-ig-helpende-sensatief-at-sensatief-4447372075,Verzorgende IG/ Helpende Sensatief,,scraped,2026-08-05T16:29:04.870532,
b04611e1e17ce684,https://gy.linkedin.com/jobs/view/%E2%80%8B%E2%80%8Bsenior-project-associate-social-integration-housing-nfi-%E2%80%8B-at-iom-un-migration-4448670816,"Senior Project Associate (Social Integration, Housing, NFI)",IOM - UN Migration,posted,2026-08-05T16:29:23.303189,465
173f1d65b1c7776d,https://gy.linkedin.com/jobs/view/resources-management-officer-p-at-iom-un-migration-4448879736,Resources Management Officer (P),IOM - UN Migration,posted,2026-08-05T16:29:37.615446,467
2f7fdeca4dcbcc37,https://gy.linkedin.com/jobs/view/lisaregelt-at-pv-magazine-nederland-4448621040,Lisaregelt,,scraped,2026-08-05T16:29:40.315563,
2f23ff12ee643a41,https://gy.linkedin.com/jobs/view/advertisement-for-the-hiring-of-individual-consultant-%E2%80%93-financial-management-specialist-deadline-july-10-2023-at-punjab-human-capital-investment-project-4446866743,"Advertisement for the Hiring of Individual Consultant – Financial Management Specialist (Deadline : July 10, 2023)",,scraped,2026-08-05T16:29:46.789334,
7f669f74831ff164,https://gy.linkedin.com/jobs/view/miyu-chan-tender-kitty-apk-at-apkdirectory-4448399405,Miyu Chan: Tender Kitty APK,ApkDirectory,posted,2026-08-05T16:30:03.688935,469
66e96ab2cae6a650,https://gy.linkedin.com/jobs/view/steuerfachwirt-diplom-finanzwirt-steuerfachangestellte-w-m-d-at-ertle-treuhand-steuerberatungsgesellschaft-mbh-co-kg-4449083217,Steuerfachwirt / Diplom Finanzwirt/Steuerfachangestellte (w/m/d),,scraped,2026-08-05T16:30:06.239524,
a7c310c0905605ad,https://www.linkedin.com/jobs/view/2060/,"7,000+Strategic Account Representative Jobs in United States",,failed|wp_post_failed,2026-08-05T16:30:14.636264,
025e77c0dfcfbc93,https://gy.linkedin.com/jobs/view/recruiting-hiring-retaining-and-promoting-people-with-disabilities-at-disability-lead-southwestern-pennsylvania-4448965461,"RECRUITING, HIRING, RETAINING AND PROMOTING PEOPLE WITH DISABILITIES",Disability Lead Southwestern Pennsylvania,posted,2026-08-05T16:30:23.545641,471
f2a0229562aeb0c9,https://gy.linkedin.com/jobs/view/teamassistenz-f%C3%BCr-office-management-all-genders-at-salt-and-pepper-group-4448507671,"Teamassistenz für Office Management, all genders",SALT AND PEPPER | Engineering- & IT-Dienstleistungen,posted,2026-08-05T16:30:35.840244,473
e2377e01cf62a292,https://gy.linkedin.com/jobs/view/environmental-engineer-at-saipem-4449662183,Environmental Engineer,,scraped,2026-08-05T16:30:38.436865,
7329694fc3b8457e,https://gy.linkedin.com/jobs/view/a-comprehensive-support-community-you-are-independent-but-never-alone-at-iad-berlin-lizenzpartner-georg-bartsch-gerstner-4449056737,A comprehensive support community: you are independent but never alone,,scraped,2026-08-05T16:30:45.744238,
552d97ad4a8e8835,https://gy.linkedin.com/jobs/view/support-nearby-psychological-counseling-at-het-oekra%C3%AFens-huis-rotterdam-4449077891,Support nearby: psychological counseling,,scraped,2026-08-05T16:30:53.032004,
409ca5fc0adf8cf8,https://gy.linkedin.com/jobs/view/support-services-analyst-i-at-global-edge-group-4449022710,Support Services Analyst I,Global Edge Group,posted,2026-08-05T16:31:08.677628,475
16f94d6455375b80,https://gy.linkedin.com/jobs/view/it-solutions-engineer-at-zenith-services-inc-zsi-4448565380,IT Solutions Engineer,,scraped,2026-08-05T16:31:11.298790,
3dd2a5ee24002c6b,https://gy.linkedin.com/jobs/view/national-project-officer-regular-pathways-socioeconomic-integration-at-iom-un-migration-4449433520,National Project Officer (Regular Pathways & Socioeconomic Integration),IOM - UN Migration,posted,2026-08-05T16:31:27.241954,477
6cf8d20e96d3f2a4,https://gy.linkedin.com/jobs/view/senior-project-associate-legal-identity-at-iom-un-migration-4448682535,Senior Project Associate (Legal Identity),IOM - UN Migration,posted,2026-08-05T16:31:39.831051,479
76e90db4f2332ad9,https://gy.linkedin.com/jobs/view/farm-labour-contractor-at-jobspeopledo-com-4449485682,Farm Labour Contractor,JobsPeopleDo.com,posted,2026-08-05T16:31:49.439578,481
c6a5f5dcbdd6aca2,https://gy.linkedin.com/jobs/view/software-engineer-elixir-phoenix-remote-latin-america-at-bluelight-4448623537,Software Engineer - Elixir/Phoenix - Remote - Latin America,Bluelight,posted,2026-08-05T16:32:00.992109,483
ef3bdf0b3cc45447,https://gy.linkedin.com/jobs/view/software-engineer-elixir-phoenix-latin-america-remote-at-bluelight-4448117568,Software Engineer (Elixir/Phoenix) - Latin America (REMOTE),Bluelight,posted,2026-08-05T16:32:10.214056,485
4cc831c705f4dc08,https://gy.linkedin.com/jobs/view/oko-west-earthworks-coordinator-at-g-mining-ventures-corp-4446250770,Oko West - Earthworks Coordinator,,scraped,2026-08-05T16:32:12.767073,
83d8f799956b11a6,https://gy.linkedin.com/jobs/view/join-a-team-helping-people-make-better-financial-decisions-at-valley-bank-women-in-business-4450062520,Join a team helping people make better financial decisions.,Valley Bank Women in Business,posted,2026-08-07T11:07:08.357648,487
3231a9821a6ebadc,https://gy.linkedin.com/jobs/view/ideas-that%0Astick-%0Aliterally-%F0%9F%98%89-at-sticky-today-4450600086,"IDEAS THAT
STICK.
literally 😉",Sticky Today,posted,2026-08-07T11:07:17.676076,489
692630e0b9a49144,https://gy.linkedin.com/jobs/view/direct-support-professionals-at-hartwood-foundation-inc-4449051349,Direct Support Professionals,Hartwood Foundation Inc,posted,2026-08-07T11:07:28.659706,491
38cfb3f38e01ca96,https://gy.linkedin.com/jobs/view/support-services-at-st-helens-knowsley-teaching-hospitals-nhs-trust-4450013203,Support Services,,scraped,2026-08-07T11:07:31.391154,
f1deb24f8ea4b677,https://gy.linkedin.com/jobs/view/%E0%A6%9A%E0%A6%BE%E0%A6%95%E0%A6%B0%E0%A6%BF-%E0%A6%A6%E0%A6%BF%E0%A6%9A%E0%A7%8D%E0%A6%9B%E0%A7%87-%E0%A6%B8%E0%A6%BF%E0%A6%9F%E0%A6%BF-%E0%A6%97%E0%A7%8D%E0%A6%B0%E0%A7%81%E0%A6%AA-%E0%A6%85%E0%A6%A8%E0%A6%B2%E0%A6%BE%E0%A6%87%E0%A6%A8%E0%A7%87-%E0%A6%86%E0%A6%AC%E0%A7%87%E0%A6%A6%E0%A6%A8-at-amader-shomoy-4449361562,"চাকরি দিচ্ছে সিটি গ্রুপ, অনলাইনে আবেদন",,scraped,2026-08-07T11:07:40.245230,
d6bb676efed4d791,https://gy.linkedin.com/jobs/view/%E0%A6%85%E0%A6%A1%E0%A6%BF%E0%A6%9F-%E0%A6%AE%E0%A7%8D%E0%A6%AF%E0%A6%BE%E0%A6%A8%E0%A7%87%E0%A6%9C%E0%A6%BE%E0%A6%B0-%E0%A6%A8%E0%A6%BF%E0%A6%AF%E0%A6%BC%E0%A7%8B%E0%A6%97-%E0%A6%A6%E0%A7%87%E0%A6%AC%E0%A7%87-%E0%A6%B2%E0%A6%BE%E0%A6%87%E0%A6%AD-%E0%A6%B6%E0%A6%AA%E0%A6%BF%E0%A6%82-at-amader-shomoy-4449366478,অডিট ম্যানেজার নিয়োগ দেবে লাইভ শপিং,,scraped,2026-08-07T11:07:46.955460,
8e919da0577f4fed,https://gy.linkedin.com/jobs/view/request-strategic-communication-support-at-primeaxisnews-4447335598,Request Strategic Communication Support,PrimeAxisNews,posted,2026-08-07T11:08:04.437334,493
3e7838bb19344677,https://gy.linkedin.com/jobs/view/icp-to-pipeline-engine-at-gtm-engineers-4448023062,ICP-to-Pipeline Engine,GTM Engineers,posted,2026-08-07T11:08:13.121448,495
c0e10afcd2453480,https://gy.linkedin.com/jobs/view/relocation-consultant-at-mbw-inc-4448109459,Relocation Consultant,,scraped,2026-08-07T11:08:15.747563,
58458de2347cec3a,https://gy.linkedin.com/jobs/view/foundation-coordinator-at-johns-hopkins-all-children-s-hospital-4449004192,Foundation Coordinator,Johns Hopkins All Children's Hospital,posted,2026-08-07T11:08:29.943521,497
f94ae737439ba5b2,https://gy.linkedin.com/jobs/view/support-worker-at-real-support-care-ndis-service-provider-4449442353,Support Worker,Real Support Care - NDIS Service Provider,posted,2026-08-07T11:08:48.491170,499
5340276b4e70162f,https://gy.linkedin.com/jobs/view/planner-at-siemens-energy-4449775250,Planner,Siemens Energy,posted,2026-08-07T11:09:03.854692,501
591bf84c4ba761d7,https://gy.linkedin.com/jobs/view/accounting-associate-%E2%80%93-georgetown-%E2%80%93-guyana-at-laparkan-shipping-suriname-4447336565,Accounting Associate – Georgetown – Guyana,,scraped,2026-08-07T11:09:14.394654,
061102041d41681d,https://gy.linkedin.com/jobs/view/business-development-manager-at-airswift-4448734022,Business Development Manager,Airswift,posted,2026-08-07T11:09:27.588569,503
a0e9031299467949,https://gy.linkedin.com/jobs/view/esol-support-at-bereavement-services-lambeth-4449151448,ESOL support,,scraped,2026-08-07T11:09:34.231415,
ab8ad3605f53d72e,https://gy.linkedin.com/jobs/view/equipment-technician-sr-technician-tech-specialist-ae-at-silterra-malaysia-sdn-bhd-4448492483,Equipment - Technician/ Sr Technician / Tech Specialist / AE,SilTerra Malaysia Sdn. Bhd.,posted,2026-08-07T11:11:09.070525,505
2617d7b99e76dab1,https://gy.linkedin.com/jobs/view/regional-sales-executive-at-farminpex-4448600545,Regional Sales Executive,Farminpex,posted,2026-08-07T11:11:18.160337,507
120c8bc1faac5292,https://gy.linkedin.com/jobs/view/pregnancy-support-at-be-ready-by-5-4448982031,Pregnancy Support,Be Ready By 5,posted,2026-08-07T11:11:27.238531,509
5f175dc20cd70c73,https://gy.linkedin.com/jobs/view/expert-network-resource-persons-at-primustech-solutions-4449473619,Expert Network & Resource Persons,PrimusTech Solutions,posted,2026-08-07T11:11:39.566923,511
67f2164a5ed1ca2a,https://gy.linkedin.com/jobs/view/monkey-bizniz-apk-at-apkdirectory-4449996623,Monkey Bizniz APK,ApkDirectory,posted,2026-08-07T11:11:50.021377,513
541696079bee5582,https://gy.linkedin.com/jobs/view/sales-manager-at-hyatt-place-guyana-georgetown-4449686577,Sales Manager,Hyatt Place Guyana Georgetown,posted,2026-08-07T11:11:59.002416,515
42e61c14efec37dd,https://gy.linkedin.com/jobs/view/chief-crypto-officer-cco-at-vowchy-4449605055,Chief Crypto Officer (CCO),Vowchy,posted,2026-08-07T11:12:07.318891,517
b63acdcdc709f83c,https://gy.linkedin.com/jobs/view/financial-controller-at-dcspine-4449738445,Financial Controller,DCspine,posted,2026-08-07T11:12:17.286254,519
da9a5158846e237f,https://gy.linkedin.com/jobs/view/scholarships-at-project-uplift-projectuplift-us-4448432428,Scholarships,Project Uplift | projectuplift.us,posted,2026-08-07T11:12:26.031341,521
f794940742d4cc65,https://gy.linkedin.com/jobs/view/communications-manager-at-conservation-international-4450659062,Communications Manager,Conservation International,posted,2026-08-07T11:12:33.750549,523
c99b7566dc724048,https://gy.linkedin.com/jobs/view/zaal-barmedewerker-vast-flexi-student-at-jobkitchen-4448486030,Zaal- & Barmedewerker - vast | flexi | student,JobKitchen,posted,2026-08-07T11:12:44.778703,525
5f366f9d1430c464,https://gy.linkedin.com/jobs/view/support-mitarbeiter-vollzeit-at-novasib-gmbh-4449413362,Support-Mitarbeiter (Vollzeit),NOVASIB GmbH,posted,2026-08-07T11:12:53.449464,527
2a0923e87f09c7c6,https://gy.linkedin.com/jobs/view/community-pantry-food-support-at-st-michaels-community-center-4447398278,Community Pantry & Food Support,St. Michaels Community Center,posted,2026-08-07T11:13:04.533435,529
a9a584713a8da8a0,https://gy.linkedin.com/jobs/view/reply-at-jcfamilies-4448970209,Reply,JCFamilies,posted,2026-08-07T11:13:17.798244,531
f9cc7ccb0adb50e2,https://gy.linkedin.com/jobs/view/co%C3%B6rdinator-support-at-otib-4450056195,Coördinator Support,,scraped,2026-08-07T11:13:20.854511,
8a4eb0827b610242,https://gy.linkedin.com/jobs/view/dienst-zorg-en-ouderen-at-wzc-zorgvlied-4448913950,Dienst zorg en ouderen,,scraped,2026-08-07T11:13:28.481454,
0d13cf855f9c60aa,https://gy.linkedin.com/jobs/view/phd-fellow-in-ancient-sedimentary-dna-of-freshwater-fish-and-ecological-interactions-in-europe-at-uit-the-arctic-university-of-norway-4448075070,PhD Fellow in Ancient sedimentary DNA of Freshwater Fish and Ecological Interactions in Europe,UiT- The Arctic University of Norway,posted,2026-08-07T11:13:43.681213,533
ecdb9576161f36b8,https://gy.linkedin.com/jobs/view/clinic-support-faculty-at-sherman-college-of-chiropractic-4449064562,Clinic Support Faculty,Sherman College of Chiropractic,posted,2026-08-07T11:13:53.981056,184
8206fe05e4c345c0,https://gy.linkedin.com/jobs/view/sessional-childcare-practitioner-%E2%80%93-support-services-at-flexible-childcare-services-scotland-4450236282,Sessional Childcare Practitioner – Support Services,,scraped,2026-08-07T11:13:56.499220,
9fd2e48c9b838ad7,https://gy.linkedin.com/jobs/view/ortoped-na-dpp-nebo-dp%C4%8D-at-polikliniky-agel-4447322202,Ortoped na DPP nebo DPČ,,scraped,2026-08-07T11:14:03.357873,
850f78ddbcb39b29,https://gy.linkedin.com/jobs/view/part-time-contractor-bilingual-family-ambassador-oakland-enrolls-at-families-in-action-for-quality-education-4449433962,"Part-Time Contractor: Bilingual Family Ambassador, Oakland Enrolls",Families in Action for Quality Education,posted,2026-08-07T11:14:16.931359,535
5cd91ca6cc762eee,https://gy.linkedin.com/jobs/view/%E0%A7%A9%E0%A7%AC-%E0%A6%AA%E0%A6%A6%E0%A7%87-%E0%A6%A8%E0%A6%BF%E0%A6%AF%E0%A6%BC%E0%A7%8B%E0%A6%97-%E0%A6%A6%E0%A7%87%E0%A6%AC%E0%A7%87-%E0%A6%AC%E0%A6%BE%E0%A6%82%E0%A6%B2%E0%A6%BE%E0%A6%A6%E0%A7%87%E0%A6%B6-%E0%A6%9A%E0%A6%BE-%E0%A6%AC%E0%A7%8B%E0%A6%B0%E0%A7%8D%E0%A6%A1-at-amader-shomoy-4447370385,৩৬ পদে নিয়োগ দেবে বাংলাদেশ চা বোর্ড,,scraped,2026-08-07T11:14:19.402780,
628b96aa3bd1845b,https://gy.linkedin.com/jobs/view/%E0%A6%AC%E0%A7%8D%E0%A6%AF%E0%A6%BE%E0%A6%82%E0%A6%95%E0%A6%BE%E0%A6%B0%E0%A7%8D%E0%A6%B8-%E0%A6%B8%E0%A6%BF%E0%A6%B2%E0%A7%87%E0%A6%95%E0%A6%B6%E0%A6%A8-%E0%A6%95%E0%A6%AE%E0%A6%BF%E0%A6%9F%E0%A6%BF%E0%A6%B0-%E0%A6%AE%E0%A6%BE%E0%A6%A7%E0%A7%8D%E0%A6%AF%E0%A6%AE%E0%A7%87-%E0%A7%A7%E0%A7%A6-%E0%A6%AA%E0%A6%A6%E0%A7%87-%E0%A7%A9%E0%A7%A8%E0%A7%A6-%E0%A6%9C%E0%A6%A8-%E0%A6%A8%E0%A6%BF%E0%A6%AF%E0%A6%BC%E0%A7%8B%E0%A6%97-at-amader-shomoy-4449375222,ব্যাংকার্স সিলেকশন কমিটির মাধ্যমে ১০ পদে ৩২০ জন নিয়োগ,,scraped,2026-08-07T11:14:26.175536,
8591399510656fa4,https://gy.linkedin.com/jobs/view/chemist-technician-at-siemens-energy-4449145222,Chemist Technician,Siemens Energy,posted,2026-08-07T11:14:41.682272,537
e9d08790c4726f57,https://gy.linkedin.com/jobs/view/account-manager-belgi%C3%AB-at-bobex-com-4449439449,Account Manager België,,scraped,2026-08-07T11:14:44.169126,
04cbd0a62cf43a5e,https://gy.linkedin.com/jobs/view/i-c-technician-at-siemens-energy-4449329088,I&C Technician,Siemens Energy,posted,2026-08-07T11:14:57.740241,539
42750395dc7621ff,https://gy.linkedin.com/jobs/view/chemist-specialist-professional-at-siemens-energy-4449328264,Chemist Specialist Professional,Siemens Energy,posted,2026-08-07T11:15:07.591622,541
c1dc5c434f5240b8,https://gy.linkedin.com/jobs/view/operations-administrative-at-siemens-energy-4449153081,Operations - Administrative,Siemens Energy,posted,2026-08-07T11:15:16.491377,543
c17623397c962536,https://gy.linkedin.com/jobs/view/farm-equipment-mechanics-at-jobspeopledo-com-4449486733,Farm Equipment Mechanics,JobsPeopleDo.com,posted,2026-08-07T11:15:26.687185,545
52951d5bb3ea3f36,https://gy.linkedin.com/jobs/view/aur%C3%A9lie-tur-moreno-at-acrofrance-4447391429,Aurélie Tur Moreno,,scraped,2026-08-07T11:15:29.357536,
2fc89049dca42125,https://gy.linkedin.com/jobs/view/warehouse-supervisor-at-siemens-energy-4449322336,Warehouse Supervisor,Siemens Energy,posted,2026-08-07T11:15:44.803631,547
23c2cebe77e59386,https://gy.linkedin.com/jobs/view/quality-engineer-at-siemens-energy-4449309588,Quality Engineer,Siemens Energy,posted,2026-08-07T11:15:54.059835,549
6552131e91666849,https://gy.linkedin.com/jobs/view/quality-control-officer-production-supervisor-at-harris-paints-international-ltd-4448900871,QUALITY CONTROL OFFICER/PRODUCTION SUPERVISOR,,scraped,2026-08-07T11:15:56.723800,
6a9eb4d748d2de06,https://gy.linkedin.com/jobs/view/administrative-assistant-at-core-group-resources-4449310020,Administrative Assistant,Core Group Resources,posted,2026-08-07T11:16:17.939276,341
4d6731d3d99122a1,https://gy.linkedin.com/jobs/view/undergraduate-intern-at-silterra-malaysia-sdn-bhd-4448498520,Undergraduate Intern,SilTerra Malaysia Sdn. Bhd.,posted,2026-08-07T11:17:42.665810,551
12f384405d9fe6a2,https://gy.linkedin.com/jobs/view/steuerberater-w-m-d-at-ertle-treuhand-steuerberatungsgesellschaft-mbh-co-kg-4449089082,Steuerberater (w/m/d),,scraped,2026-08-07T11:17:45.247528,
f47ac84a40d438a9,https://gy.linkedin.com/jobs/view/facility-support-at-north-reading-public-schools-4450572596,Facility Support,North Reading Public Schools,posted,2026-08-09T10:52:06.732009,553
6ddbee76594d2d7e,https://gy.linkedin.com/jobs/view/terminal-office-and-field-leadership-at-estes-leasing-4450639593,Terminal Office and Field Leadership,Estes Leasing,posted,2026-08-09T10:52:16.419830,555
63b2de2ce2cef7fe,https://gy.linkedin.com/jobs/view/computer-support-specialists-at-jobspeopledo-com-4450245330,Computer Support Specialists,JobsPeopleDo.com,posted,2026-08-09T10:52:25.008444,557
be76b194f22ffd55,https://gy.linkedin.com/jobs/view/wholesale-and-retail-buyers-except-farm-products-at-jobspeopledo-com-4450247421,"Wholesale and Retail Buyers, Except Farm Products",JobsPeopleDo.com,posted,2026-08-09T10:52:29.848430,421
93f0bc8bde0c8890,https://gy.linkedin.com/jobs/view/health-and-safety-officer-at-core-group-resources-4449198821,Health and Safety Officer,Core Group Resources,posted,2026-08-09T10:52:42.444358,559
0768a693872300fe,https://gy.linkedin.com/jobs/view/inventory-coordinator-at-core-group-resources-4449189983,Inventory Coordinator,Core Group Resources,posted,2026-08-09T10:52:51.097510,561
2a145693e89f4e7a,https://gy.linkedin.com/jobs/view/support-exp-blog-at-support-exp-4449246885,Support EXP Blog,Support EXP,posted,2026-08-09T10:52:59.705863,563
fc52cc9c015b3a9d,https://gy.linkedin.com/jobs/view/john-lincoln-at-acrofrance-4447383613,John Lincoln,,scraped,2026-08-09T10:53:02.362713,
8737d6522b1be9d8,https://gy.linkedin.com/jobs/view/booster-support-group-information-at-north-reading-public-schools-4450572575,Booster & Support Group Information,North Reading Public Schools,posted,2026-08-09T10:53:16.735107,565
f00adb1a52b33178,https://gy.linkedin.com/jobs/view/web-application-developer-at-bobex-com-4449430637,Web Application Developer,,scraped,2026-08-09T10:53:19.370105,
fc14e00e3c518227,https://gy.linkedin.com/jobs/view/%E0%A6%87%E0%A6%B8%E0%A7%8D%E0%A6%9F%E0%A6%BE%E0%A6%B0%E0%A7%8D%E0%A6%A8-%E0%A6%B0%E0%A6%BF%E0%A6%AB%E0%A6%BE%E0%A6%87%E0%A6%A8%E0%A6%BE%E0%A6%B0%E0%A6%BF%E0%A6%A4%E0%A7%87-%E0%A6%A8%E0%A6%BF%E0%A6%AF%E0%A6%BC%E0%A7%8B%E0%A6%97-%E0%A6%AA%E0%A6%A6-%E0%A7%AB%E0%A7%A9-at-amader-shomoy-4450940375,"ইস্টার্ন রিফাইনারিতে নিয়োগ, পদ ৫৩",,scraped,2026-08-09T10:53:30.087768,
5c4aacdc885300cf,https://gy.linkedin.com/jobs/view/bob-the-robber-at-playtomax-4451072484,Bob The Robber,,scraped,2026-08-09T10:53:42.889890,
9fecbcd913ae655f,https://gy.linkedin.com/jobs/view/project-springboard-at-intelligentzia-capital-management-4449432693,Project Springboard,Intelligentzia Capital Management,posted,2026-08-09T10:53:55.998362,567
b7c7680566c0ff94,https://gy.linkedin.com/jobs/view/production-inventory-worker-at-harris-paints-international-ltd-4448589973,PRODUCTION/INVENTORY WORKER,,scraped,2026-08-09T10:53:58.561902,
0d26b89ed542f11a,https://gy.linkedin.com/jobs/view/we-can%E2%80%99t-find-that-page-at-medicbridges-4448947417,We can’t find that page,MedicBridges,posted,2026-08-09T10:54:13.376355,569
77b625a9bd6d964c,https://gy.linkedin.com/jobs/view/office-driver-at-saipem-4450768908,Office Driver,,scraped,2026-08-09T10:54:15.979775,
4d356cf9cb9279fc,https://gy.linkedin.com/jobs/view/business-development-executive-at-airswift-4451073851,Business Development Executive,Airswift,posted,2026-08-09T10:54:33.447132,571
804ab285b823a338,https://gy.linkedin.com/jobs/view/business-and-project-management-analyst-at-airswift-4451082267,Business and Project Management Analyst,Airswift,posted,2026-08-09T10:54:42.260335,573
0816fed6d6cf238f,https://gy.linkedin.com/jobs/view/tr%E1%BB%A3-gi%E1%BA%A3ng-gi%C3%A1o-vi%C3%AAn-ngu%E1%BB%93n-ti%E1%BA%BFng-anh-at-vinschool-4450700949,Trợ giảng (Giáo viên nguồn) Tiếng Anh,,scraped,2026-08-09T10:54:44.746337,
4798c8e29529b32b,https://gy.linkedin.com/jobs/view/idb-invest-investment-management-analyst-or-associates-talent-pool-at-idb-invest-4430274078,IDB Invest - Investment Management Analyst or Associates - Talent Pool,IDB Invest,posted,2026-08-09T10:54:58.928761,575
b69d18d0c69d4d52,https://gy.linkedin.com/jobs/view/material-controller-at-sbm-offshore-4448244305,Material Controller,,scraped,2026-08-09T10:55:01.487598,
ec48acecff82d826,https://gy.linkedin.com/jobs/view/application-engineer-at-weatherford-4365362845,Application Engineer,Weatherford,posted,2026-08-09T10:55:19.205320,577
b92021cacd42ea15,https://gy.linkedin.com/jobs/view/support-at-netvend-metering-solutions-2025-4445862064,Support,netvend metering solutions 2025,posted,2026-08-09T10:55:23.849609,154
e6c841677f632525,https://gy.linkedin.com/jobs/view/%E2%80%8B%E2%80%8Bintegration-case-worker-consultant-category-a-%E2%80%8B-at-iom-un-migration-4448667929,Integration Case Worker (Consultant Category A),IOM - UN Migration,posted,2026-08-09T10:55:37.077477,579
ce38c8b933ff06a0,https://gy.linkedin.com/jobs/view/oko-west-project-site-services-sewage-tank-operator-at-g-mining-ventures-corp-4448472326,Oko West Project- Site Services Sewage Tank Operator,,scraped,2026-08-09T10:55:39.596297,
6d6821c8eb37537a,https://gy.linkedin.com/jobs/view/ehs-plant-technican-at-w%C3%A4rtsil%C3%A4-4449351405,EHS Plant Technican,,scraped,2026-08-09T10:55:45.773948,
99beffec6c824cd2,https://gy.linkedin.com/jobs/view/business-development-executive-at-giscad-group-of-companies-4449471126,Business Development Executive,,scraped,2026-08-09T10:55:52.127476,
7088af57efafa0b1,https://gy.linkedin.com/jobs/view/digital-marketing-specialist-at-santafe-qatar-4449503217,Digital Marketing Specialist,,scraped,2026-08-09T10:56:02.960094,
9bd6861d18b9361a,https://gy.linkedin.com/jobs/view/sales-business-development-executive-at-zenith-services-inc-zsi-4447910035,Sales & Business Development Executive,,scraped,2026-08-09T10:56:17.539862,
a0b6eaad89b8517c,https://gy.linkedin.com/jobs/view/kensons-farm-%E2%80%93-assistant-manager-%E2%80%93-organic-vegetables-at-organic-growers-alliance-4451075352,Kensons Farm – Assistant Manager – organic vegetables,Organic Growers Alliance,posted,2026-08-09T10:56:29.897086,581
98252e1a468d3dae,https://gy.linkedin.com/jobs/view/opticien-ne-at-optique-lafayette-auxerre-4449480882,OPTICIEN(NE),,scraped,2026-08-09T10:56:32.494869,
6a9cfca986c8ed76,https://gy.linkedin.com/jobs/view/technical-services-personnel-i-at-technipfmc-4450789204,Technical Services Personnel I,,scraped,2026-08-09T10:56:39.656976,
0ee25251ae43b1da,https://gy.linkedin.com/jobs/view/communications-manager-at-conservation-south-africa-4450643123,Communications Manager,,scraped,2026-08-09T10:56:46.191946,
5fed57578c26a0fd,https://gy.linkedin.com/jobs/view/senior-manager-talent-acquisition-at-qualfon-4449039113,Senior Manager Talent Acquisition,Qualfon,posted,2026-08-09T10:56:59.981559,583
3e89e050590fc59d,https://gy.linkedin.com/jobs/view/secretaresse-office-support-at-wulverhorst-4450797842,Secretaresse / Office support,,scraped,2026-08-09T10:57:08.579043,
fcf20016316f0e21,https://gy.linkedin.com/jobs/view/field-manager-at-overseas-human-resources-4448750307,Field Manager,Overseas Human Resources,posted,2026-08-09T10:57:21.359793,585
aa18c2152104eb85,https://gy.linkedin.com/jobs/view/director-of-athletic-creative-content-at-center-for-innovation-and-leadership-4450791986,Director of Athletic Creative Content,Center for Innovation and Leadership,posted,2026-08-09T10:57:37.857686,587
29f95c3d884f09b5,https://gy.linkedin.com/jobs/view/bijbaan-magazijn-at-distrivers-4448752163,BIJBAAN MAGAZIJN,,scraped,2026-08-09T10:57:42.253603,
0b97fb2311937574,https://gy.linkedin.com/jobs/view/sales-supervisor-4451067689,Sales Supervisor,Silvie's Industrial Solutions,posted,2026-08-09T10:57:55.064872,589
fb2767d070bb36e1,https://gy.linkedin.com/jobs/view/support-staff-opportunities-at-london-central-secondary-school-mun-club-4451089438,Support Staff Opportunities,London Central Secondary School MUN Club,posted,2026-08-09T10:58:07.839356,591
b1e011721cbea870,https://gy.linkedin.com/jobs/view/join-us-for-the-next-digi-face-knowledge-exchange-%E2%80%9Copen-source-%E2%80%93-perfect-tools-for-digitalisation-in-the-public-sector%E2%80%9D-at-centre-d-excellence-de-gouvernance-locale-en-afrique-cegla-4448067996,Join Us for the next DIGI-FACE Knowledge Exchange: “Open Source – Perfect Tools for Digitalisation in the Public Sector”,,scraped,2026-08-09T10:58:10.416408,
2389eddac70e5682,https://gy.linkedin.com/jobs/view/maintenance-associate-intern-at-slb-4449251899,Maintenance Associate Intern,SLB,posted,2026-08-09T10:58:25.282956,593
a26bb213dc342530,https://gy.linkedin.com/jobs/view/steuerfachkraft-lohn-finanzbuchhalter-w-m-d-at-ertle-treuhand-steuerberatungsgesellschaft-mbh-co-kg-4449093021,Steuerfachkraft / Lohn- Finanzbuchhalter (w/m/d),,scraped,2026-08-09T10:58:39.795893,
511facbf2801a0e5,https://gy.linkedin.com/jobs/view/skip-to-main-content-at-midas-council-of-governments-4448021007,Skip to main content,MIDAS Council of Governments,posted,2026-08-09T10:58:54.208923,595
eb35f11b9d135867,https://gy.linkedin.com/jobs/view/consultor-pec-diagn%C3%B3stico-de-implementaci%C3%B3n-del-grupo-de-washington-en-censos-y-encuestas-de-alc-at-inter-american-development-bank-4448053873,Consultor PEC - Diagnóstico de implementación del Grupo de Washington en censos y encuestas de ALC,Inter-American Development Bank,posted,2026-08-09T10:59:03.578882,597
a329584db7f36495,https://gy.linkedin.com/jobs/view/vendeur-cr%C3%A8merie-grand-frais-h-f-at-grand-frais-4446695124,Vendeur crèmerie Grand frais (H/F),,scraped,2026-08-09T10:59:06.074239,
13f5a5fe98024b00,https://gy.linkedin.com/jobs/view/procurement-coordinator-at-core-group-resources-4449300843,Procurement Coordinator,Core Group Resources,posted,2026-08-09T10:59:26.406648,599
5b41f0dc0da73c08,https://gy.linkedin.com/jobs/view/back-to-the-future-playback96-concept-launches-at-chadstone-at-inside-retail-australia-4450701762,Back to the future: Playback96 concept launches at Chadstone,,scraped,2026-08-09T10:59:28.979766,
f9259b04a771341b,https://gy.linkedin.com/jobs/view/sales-executives-at-harris-paints-international-ltd-4448911091,SALES EXECUTIVES,,scraped,2026-08-09T10:59:52.476001,
fb55d920b19772e8,https://gy.linkedin.com/jobs/view/electrical-technician-at-siemens-energy-4449132564,Electrical Technician,Siemens Energy,posted,2026-08-09T11:00:08.969171,601
5fa3676299055fb3,https://gy.linkedin.com/jobs/view/electrical-supervisor-at-siemens-energy-4449768492,Electrical Supervisor,Siemens Energy,posted,2026-08-09T11:00:21.671859,603
04cc6004a813fdf6,https://gy.linkedin.com/jobs/view/mechanical-supervisor-at-siemens-energy-4449776249,Mechanical Supervisor,Siemens Energy,posted,2026-08-09T11:00:36.998138,605
ff873dcc884bca63,https://gy.linkedin.com/jobs/view/idb-invest-development-impact-director-real-sector-operations-at-idb-invest-4448070871,IDB Invest - Development Impact Director - Real Sector Operations,IDB Invest,posted,2026-08-09T11:00:50.548602,607
5a0a172398e3cd4a,https://gy.linkedin.com/jobs/view/support-staff-opportunities-at-wausau-school-district-4449282772,Support Staff Opportunities,WAUSAU SCHOOL DISTRICT,posted,2026-08-11T11:04:35.244795,591
c23e8930cf09d30d,https://gy.linkedin.com/jobs/view/security-guard-at-grand-coastal-hotel-4452194502,Security Guard,,scraped,2026-08-11T11:05:03.862265,
1a8dee7763114091,https://gy.linkedin.com/jobs/view/desktop-support-technician-at-resumeally-4449404201,Desktop Support Technician,ResumeAlly,posted,2026-08-11T11:05:17.284065,609
9c63d27ca83e707f,https://gy.linkedin.com/jobs/view/aircraft-scheduling-planning-aircraft-support-at-bombardier-nug-signalling-solutions-co-ltd-%EF%BC%88bns%EF%BC%89-4450702515,"Aircraft Scheduling & Planning, Aircraft Support",,scraped,2026-08-11T11:05:22.081630,
2e6cd61352025b0e,https://gy.linkedin.com/jobs/view/web-developer-at-zenith-services-inc-zsi-4448569394,Web Developer,,scraped,2026-08-11T11:05:38.677601,
fc7e58e7492c2c00,https://gy.linkedin.com/jobs/view/gi%C3%A1o-vi%C3%AAn-th%E1%BB%89nh-gi%E1%BA%A3ng-b%E1%BB%99-m%C3%B4n-khoa-h%E1%BB%8Dc-m%C3%A1y-t%C3%ADnh-at-vinschool-4450716104,Giáo viên thỉnh giảng bộ môn Khoa học máy tính,,scraped,2026-08-11T11:06:48.413894,
0eb87d6e15fa3bfd,https://gy.linkedin.com/jobs/view/https-restaurantsmalta-com-restaurant-cheeky-monkey-gastropub-qawra-at-restaurantsmalta-4449451827,https://restaurantsmalta.com/restaurant/cheeky-monkey-gastropub-qawra/,,scraped,2026-08-11T11:07:59.559821,
af1df50ac437985a,https://gy.linkedin.com/jobs/view/ict-support-specialist-jr-at-saipem-4450770938,ICT Support Specialist (Jr.),,scraped,2026-08-11T11:09:12.154571,
c6a76e73a319403e,https://gy.linkedin.com/jobs/view/technician-adventure-technical-services-rainforest-wild-adventure-west-at-mandai-wildlife-group-4450233521,"Technician (Adventure), Technical Services - Rainforest Wild Adventure West",,scraped,2026-08-11T11:09:19.515449,
6c073787037f6268,https://gy.linkedin.com/jobs/view/ban-%C4%91i%E1%BB%81u-h%C3%A0nh-c%C3%B4ng-tr%C6%B0%E1%BB%9Dng-long-ph%C3%BA-1-tr%C6%B0%E1%BB%9Fng-nh%C3%B3m-v%E1%BA%ADn-h%C3%A0nh-ch%E1%BA%A1y-th%E1%BB%AD-at-c%C3%B4ng-ty-cp-t%E1%BA%ADp-%C4%91o%C3%A0n-th%C3%A1i-b%C3%ACnh-d%C6%B0%C6%A1ng-pacific-corporation-4449559566,[Ban Điều hành công trường Long Phú 1] Trưởng nhóm vận hành chạy thử,,scraped,2026-08-11T11:10:30.097475,
c2073c00fcbb3fef,https://gy.linkedin.com/jobs/view/ki-chatbots-dein-24-7-kundenservice-at-44er-gmbh-4451358225,KI-Chatbots: Dein 24/7 Kundenservice,,scraped,2026-08-11T11:10:38.745980,
b572e1817a265156,https://gy.linkedin.com/jobs/view/hand-carved-garden-religious-christian-figure-statue-large-size-church-female-sculpture-holding-jesus-relief-at-tengyun-carving-co-ltd-4449980379,Hand Carved Garden Religious Christian Figure Statue Large Size Church Female Sculpture Holding Jesus Relief,,scraped,2026-08-11T11:11:48.512217,
edf4ee70a650a217,https://gy.linkedin.com/jobs/view/service-engineer-technical-service-at-hoval-france-4450688853,Service Engineer - Technical Service,,scraped,2026-08-11T11:13:04.844723,
10a73bea22c9a11f,https://gy.linkedin.com/jobs/view/engineer-senior-engineer-at-silterra-malaysia-sdn-bhd-4448487641,Engineer / Senior Engineer,SilTerra Malaysia Sdn. Bhd.,posted,2026-08-11T11:15:34.674482,611
4756b319cff42424,https://gy.linkedin.com/jobs/view/project-manager-remote-latin-america-at-bluelight-4451359772,"Project Manager - Remote, Latin America",Bluelight,posted,2026-08-11T11:15:43.584958,613
39addfd60e23dadd,https://gy.linkedin.com/jobs/view/c-suite-support-at-c-suite-holdings-llc-4450536851,C-Suite Support,"C-Suite Holdings, LLC",posted,2026-08-11T11:15:52.477081,615
bd2c03e06c510abb,https://gy.linkedin.com/jobs/view/project-manager-remote-latin-america-at-bluelight-4451359769,"Project Manager - Remote, Latin America",Bluelight,posted,2026-08-11T11:15:57.293175,613
95565d2366a6c464,https://gy.linkedin.com/jobs/view/disponent-offshore-leitstelle-m-w-d-at-johanniter-unfall-hilfe-e-v-4448012458,Disponent Offshore Leitstelle (m/w/d),Johanniter-Unfall-Hilfe e.V.,posted,2026-08-11T11:16:11.662723,617
5e676279a46a980b,https://gy.linkedin.com/jobs/view/salary-%2423-50-%2424-50-per-hour-at-washington-state-lgbtq-commission-4448941076,Salary: $23.50 - $24.50 per hour,Washington State LGBTQ Commission,posted,2026-08-11T11:16:21.094543,619
124b3f5656fe447c,https://gy.linkedin.com/jobs/view/customer-support-executive-at-eliteevince-technologies%C2%AE-4450090127,Customer Support Executive,,scraped,2026-08-11T11:16:27.745760,
611056cd6f76f112,https://gy.linkedin.com/jobs/view/explore-academic-support-positions-at-the-24-fund-4449066774,Explore Academic Support Positions,The 24 Fund,posted,2026-08-11T11:18:48.181792,319
d32003ef11309304,https://gy.linkedin.com/jobs/view/verpleegkundige-intensive-care-kinderen-en-of-intensive-care-volwassenen-at-luvacs-lumc-expert-center-for-lupus-vasculitis-and-complement-mediated-systemic-diseases-4450691201,Verpleegkundige Intensive Care Kinderen en/of Intensive Care Volwassenen,"LuVaCs - LUMC Expert Center for Lupus-, Vasculitis- and Complement-mediated Systemic Diseases",posted,2026-08-11T11:18:58.027500,621
9f392d8fcb816d2b,https://gy.linkedin.com/jobs/view/operational-support-roles-at-sa-state-emergency-service-4450329721,Operational support roles,,scraped,2026-08-11T11:19:02.681721,
47c0a59a3f04e416,https://gy.linkedin.com/jobs/view/radio-operator-at-brunel-4449733427,Radio Operator,,scraped,2026-08-11T11:20:21.577916,
26f2eed5db0c8b88,https://www.linkedin.com/jobs/view/3068/,"1,000+Search Consultant Jobs in United States",,failed|wp_post_failed,2026-08-11T11:21:33.625857,
c3090ea334b3a1d2,https://www.linkedin.com/jobs/view/2089/,"1,000+Senior Director Of Product Management Jobs in United States",,failed|wp_post_failed,2026-08-11T11:21:37.999869,
cb26d4b81d7c0e43,https://gy.linkedin.com/jobs/view/%E0%A6%8F%E0%A6%B8%E0%A6%8F%E0%A6%B8%E0%A6%B8%E0%A6%BF-%E0%A6%AA%E0%A6%BE%E0%A6%B8%E0%A7%87%E0%A6%87-%E0%A6%87%E0%A6%B8%E0%A6%B2%E0%A6%BE%E0%A6%AE%E0%A7%80-%E0%A6%AC%E0%A7%8D%E0%A6%AF%E0%A6%BE%E0%A6%82%E0%A6%95-%E0%A6%B9%E0%A6%BE%E0%A6%B8%E0%A6%AA%E0%A6%BE%E0%A6%A4%E0%A6%BE%E0%A6%B2%E0%A7%87-%E0%A6%9A%E0%A6%BE%E0%A6%95%E0%A6%B0%E0%A6%BF%E0%A6%B0-%E0%A6%B8%E0%A7%81%E0%A6%AF%E0%A7%8B%E0%A6%97-at-amader-shomoy-4450351882,এসএসসি পাসেই ইসলামী ব্যাংক হাসপাতালে চাকরির সুযোগ,,scraped,2026-08-11T11:21:42.538158,
9f1b26de15f41b54,https://gy.linkedin.com/jobs/view/buyers-and-purchasing-agents-farm-products-at-jobspeopledo-com-4449495332,"Buyers and Purchasing Agents, Farm Products",JobsPeopleDo.com,posted,2026-08-11T11:23:03.014395,623
34d71bd0389d9628,https://gy.linkedin.com/jobs/view/explosive-workers-ordnance-handling-experts-at-jobspeopledo-com-4449489712,"Explosive Workers, Ordnance Handling Experts",JobsPeopleDo.com,posted,2026-08-11T11:23:13.432450,625
759913c51c601639,https://gy.linkedin.com/jobs/view/purchasing-agents-and-buyers-farm-products-at-jobspeopledo-com-4450262005,"Purchasing Agents and Buyers, Farm Products",JobsPeopleDo.com,posted,2026-08-11T11:23:22.462161,627
9877e56182356763,https://gy.linkedin.com/jobs/view/quality-specialist-at-core-group-resources-4449189981,Quality Specialist,Core Group Resources,posted,2026-08-11T11:23:31.405696,629
e139aa5c8ddc3e83,https://gy.linkedin.com/jobs/view/customer-account-manager-at-core-group-resources-4449192949,Customer Account Manager,Core Group Resources,posted,2026-08-11T11:23:39.924215,631
0d0e19111637ee9d,https://gy.linkedin.com/jobs/view/administrator-assistant-at-siemens-energy-4449137300,Administrator Assistant,Siemens Energy,posted,2026-08-11T11:23:52.333811,633
1c523d5b5ea6a657,https://gy.linkedin.com/jobs/view/ehs-engineer-at-siemens-energy-4449146257,EHS Engineer,Siemens Energy,posted,2026-08-11T11:24:01.223641,635
2fc488c8fffc49ab,https://gy.linkedin.com/jobs/view/mechanical-technician-at-siemens-energy-4449330106,Mechanical Technician,Siemens Energy,posted,2026-08-11T11:24:10.064204,637
8bb1e33d9b56f87d,https://gy.linkedin.com/jobs/view/shift-leader-at-siemens-energy-4449773285,Shift Leader,Siemens Energy,posted,2026-08-11T11:24:18.918643,639
debebc77aa9558cd,https://gy.linkedin.com/jobs/view/i-c-supervisor-at-siemens-energy-4449775252,I&C Supervisor,Siemens Energy,posted,2026-08-11T11:24:27.722435,641
3c6e3c7cbc073777,https://gy.linkedin.com/jobs/view/mechanical-technician-at-sbm-offshore-4441354380,Mechanical Technician,,scraped,2026-08-11T11:24:32.331966,
813df83aa8203f3b,https://gy.linkedin.com/jobs/view/senior-flask%2Breact-fullstack-developer-remote-latin-america-at-bluelight-4451854392,"Senior Flask+React Fullstack Developer - Remote, Latin America",Bluelight,posted,2026-08-11T11:25:51.560160,643
3e53fab8eea5f78b,https://gy.linkedin.com/jobs/view/senior-software-engineer-flask-react-remote-latin-america-at-bluelight-4451368538,"Senior Software Engineer (Flask/React) - Remote, Latin America",Bluelight,posted,2026-08-11T11:26:00.601694,645
e30bc4e4baa50398,https://gy.linkedin.com/jobs/view/radio-operator-1-month-at-airswift-4449685008,Radio Operator - 1 month,Airswift,posted,2026-08-11T11:26:10.030111,647
fd3853e6e7f21750,https://gy.linkedin.com/jobs/view/senior-software-engineer-flask-react-remote-latin-america-at-bluelight-4451363737,"Senior Software Engineer (Flask/React) - Remote, Latin America",Bluelight,posted,2026-08-11T11:26:14.911881,645
74dfe047acb797cd,https://gy.linkedin.com/jobs/view/instrumentation-technician-at-g-mining-ventures-corp-4448470361,Instrumentation Technician,,scraped,2026-08-11T11:26:21.564257,
9b2b1ee7c1eed63c,https://gy.linkedin.com/jobs/view/equipment-technician-sr-technician-tech-specialist-ae-at-silterra-malaysia-sdn-bhd-4448704313,Equipment - Technician/ Sr Technician / Tech Specialist / AE,SilTerra Malaysia Sdn. Bhd.,posted,2026-08-11T11:28:48.709502,505
9a063f4924ca1d9d,https://gy.linkedin.com/jobs/view/support-services-at-cumbria-northumberland-tyne-and-wear-nhs-foundation-trust-4449863231,Support Services,,scraped,2026-08-13T11:10:52.578449,
ee87fea652813079,https://gy.linkedin.com/jobs/view/join-a-team-helping-people-make-better-financial-decisions-at-valley-bank-women-in-business-4452185967,Join a team helping people make better financial decisions.,Valley Bank Women in Business,posted,2026-08-13T11:11:03.720445,487
e6444d8c79bedeae,https://gy.linkedin.com/jobs/view/ideas-that%0Astick-%0Aliterally-%F0%9F%98%89-at-sticky-today-4452193431,"IDEAS THAT
STICK.
literally 😉",Sticky Today,posted,2026-08-13T11:11:13.886851,649
5b465486010aac23,https://gy.linkedin.com/jobs/view/%E0%A6%AA%E0%A7%87%E0%A6%B6%E0%A6%BE-%E0%A6%B9%E0%A6%BF%E0%A6%B8%E0%A7%87%E0%A6%AC%E0%A7%87-%E0%A6%A1%E0%A7%87%E0%A6%9F%E0%A6%BE%E0%A6%AC%E0%A7%87%E0%A6%B8-%E0%A6%85%E0%A7%8D%E0%A6%AF%E0%A6%BE%E0%A6%A1%E0%A6%AE%E0%A6%BF%E0%A6%A8%E0%A6%BF%E0%A6%B8%E0%A7%8D%E0%A6%9F%E0%A7%8D%E0%A6%B0%E0%A7%87%E0%A6%9F%E0%A6%B0-at-amader-shomoy-4450975064,পেশা হিসেবে ডেটাবেস অ্যাডমিনিস্ট্রেটর,,scraped,2026-08-13T11:11:22.390211,
9b42674740f19162,https://gy.linkedin.com/jobs/view/skills-and-recruitment-support-for-businesses-at-chesterfield-borough-council-4448773674,Skills and recruitment support for businesses,,scraped,2026-08-13T11:11:31.313867,
76d7ecf7597e27a0,https://gy.linkedin.com/jobs/view/hr-support-services-at-p3-people-management-ltd-outsourced-hr-experts-for-smes-4450973389,HR Support Services,,scraped,2026-08-13T11:11:40.620855,
846f222b35ba6386,https://gy.linkedin.com/jobs/view/surveyor-i-at-american-bureau-of-shipping-abs-4452717399,Surveyor I,American Bureau of Shipping (ABS),posted,2026-08-13T11:11:55.236341,168
fe4bbcddd6c48435,https://gy.linkedin.com/jobs/view/laboratory-technician-at-mowlem-international-ltd-4451194463,Laboratory Technician,Mowlem International LTD,posted,2026-08-13T11:12:38.863490,651
461ada63a40d2c1e,https://gy.linkedin.com/jobs/view/insurance-clerk-motor-department-%E2%80%94-two-openings-at-abdool-abdool-inc-4451914964,Insurance Clerk (Motor Department) — Two Openings,Abdool & Abdool Inc.,posted,2026-08-13T11:13:07.903462,653
54b4e557419a7bc9,https://gy.linkedin.com/jobs/view/system-integration-specialist-at-arrow-international-inc-4452735897,System Integration Specialist,"Arrow International, Inc.",posted,2026-08-13T11:13:17.650044,655
5beb87c6334729c3,https://gy.linkedin.com/jobs/view/material-controller-at-sbm-offshore-4450007128,Material Controller,,scraped,2026-08-13T11:13:22.563989,
851b2f0f7602ab37,https://gy.linkedin.com/jobs/view/business-development-officer-at-massy-finance-remittances-4451403406,Business Development Officer,,scraped,2026-08-13T11:13:31.766195,
78f509d83fbabe4e,https://gy.linkedin.com/jobs/view/fishing-tool-supervisor-rta-at-weatherford-4452056310,Fishing Tool Supervisor RTA,Weatherford,posted,2026-08-13T11:13:49.128618,657
39f80133502d0755,https://gy.linkedin.com/jobs/view/disability-support-worker-at-golden-city-support-services-4453067826,Disability Support Worker,Golden City Support Services,posted,2026-08-13T11:14:02.766278,659
ee88f912a0b2fbe0,https://gy.linkedin.com/jobs/view/oko-west-gold-project-sampler-i-at-g-mining-ventures-corp-4449891479,Oko West Gold Project- Sampler I,,scraped,2026-08-13T11:14:05.264227,
5907c74797b5a917,https://gy.linkedin.com/jobs/view/wellness-director-at-phoenix-senior-living-4450401281,Wellness Director,Phoenix Senior Living,posted,2026-08-13T11:14:18.177911,661
405caa8947bc6fe5,https://gy.linkedin.com/jobs/view/solutions-architect-at-beijing-foreign-enterprise-management-consultants-co-ltd-4450775037,Solutions Architect,"Beijing Foreign Enterprise Management Consultants Co.,Ltd.",posted,2026-08-13T11:14:26.552521,663
c132cc223facceda,https://gy.linkedin.com/jobs/view/test-engineer-at-ceyas-tech-4451920012,Test Engineer,,scraped,2026-08-13T11:14:31.294931,
845bd90b0b5e269f,https://gy.linkedin.com/jobs/view/it-system-engineer-m-v-at-kick-ict-4451089962,IT System engineer (m/v),,scraped,2026-08-13T11:14:37.691521,
0024c925b301de99,https://gy.linkedin.com/jobs/view/open-sollicitatie-at-kick-ict-4451309081,Open sollicitatie,,scraped,2026-08-13T11:14:44.221767,
d71aa7080ab2568c,https://gy.linkedin.com/jobs/view/chiffreur-courant-faible-m-f-d-at-mannelli-associ%C3%A9s-s-a-4448771565,CHIFFREUR COURANT FAIBLE M/F/D,,scraped,2026-08-13T11:14:54.753007,
923fa5073431e28a,https://gy.linkedin.com/jobs/view/electrical-plant-technician-at-w%C3%A4rtsil%C3%A4-4453350947,ELECTRICAL PLANT TECHNICIAN,,scraped,2026-08-13T11:15:02.574860,
c5f0c74a1ff0b862,https://gy.linkedin.com/jobs/view/associate-customer-product-support-at-tribeca-venture-partners-4450156728,"Associate, Customer & Product Support",Tribeca Venture Partners,posted,2026-08-13T11:15:22.606929,665
e132c30563069e04,https://gy.linkedin.com/jobs/view/employe-commercial-h-f-at-bricomarch%C3%A9-segr%C3%A9-en-anjou-bleu-4449538395,EMPLOYE COMMERCIAL (H/F),,scraped,2026-08-13T11:15:25.275905,
e6fc9ac9fe25cd56,https://gy.linkedin.com/jobs/view/biomedical-fellow-at-castleman-disease-collaborative-network-4450909042,Biomedical Fellow,Castleman Disease Collaborative Network,posted,2026-08-13T11:15:41.076582,667
e3b4e80d7f79eb00,https://gy.linkedin.com/jobs/view/senior-flask%2Breact-fullstack-developer-remote-latin-america-at-bluelight-4451840655,"Senior Flask+React Fullstack Developer - Remote, Latin America",Bluelight,posted,2026-08-13T11:15:50.876660,669
4c9c4b4009d6396a,https://gy.linkedin.com/jobs/view/part-time-custodian-at-davis-school-district-4452607088,Part Time Custodian,Davis School District,posted,2026-08-13T11:16:04.206196,671
3187d556ecff9199,https://gy.linkedin.com/jobs/view/oko-gold-project-painter-at-g-mining-ventures-corp-4449827030,Oko Gold Project-Painter,,scraped,2026-08-13T11:16:12.762868,
156d8b3c724ae6bb,https://gy.linkedin.com/jobs/view/instrument-technician-at-sbm-offshore-4359089147,Instrument Technician,,scraped,2026-08-13T11:16:21.243400,
a0ed5cc74ee61e5e,https://gy.linkedin.com/jobs/view/telehandler-operator-at-g-mining-ventures-corp-4450194280,Telehandler Operator,,scraped,2026-08-13T11:16:38.816616,
4bb40306a6177f7f,https://gy.linkedin.com/jobs/view/ban-%C4%91i%E1%BB%81u-h%C3%A0nh-c%C3%B4ng-tr%C6%B0%E1%BB%9Dng-long-ph%C3%BA-1-chuy%C3%AAn-vi%C3%AAn-qu%E1%BA%A3n-l%C3%BD-thi%E1%BA%BFt-k%E1%BA%BF-%C4%91i%E1%BB%87n-%C4%91i%E1%BB%87n-%C4%91i%E1%BB%81u-khi%E1%BB%83n-at-c%C3%B4ng-ty-cp-t%E1%BA%ADp-%C4%91o%C3%A0n-th%C3%A1i-b%C3%ACnh-d%C6%B0%C6%A1ng-pacific-corporation-4449569248,[Ban Điều hành công trường Long Phú 1] Chuyên viên Quản lý Thiết kế - Điện/Điện điều khiển,,scraped,2026-08-13T11:16:45.597423,
041fad2d54d1d1f3,https://gy.linkedin.com/jobs/view/subsea-specialist-with-experience-in-tfmc-and-ucos-dcs-at-airswift-4451084253,Subsea Specialist (with experience in TFMC and UCOS/DCS),Airswift,posted,2026-08-13T11:16:59.163317,673
8fdc16bb650352f1,https://gy.linkedin.com/jobs/view/country-manager-at-airswift-4449820802,Country Manager,Airswift,posted,2026-08-13T11:17:10.791175,66
79b22bb79a639d80,https://gy.linkedin.com/jobs/view/hr-intern-at-slb-4450581100,HR Intern,SLB,posted,2026-08-13T11:17:20.692815,675
2724573a29be16cf,https://gy.linkedin.com/jobs/view/ph%C3%BA-qu%E1%BB%91c-%23124-c%E1%BB%99ng-t%C3%A1c-vi%C3%AAn-b%C3%A1n-tr%C3%BA-at-vinschool-4452461889,Phú Quốc &#124; Cộng tác viên Bán trú,,scraped,2026-08-13T11:17:27.357573,
02e571b386a94f28,https://gy.linkedin.com/jobs/view/join-a-team-helping-people-make-better-financial-decisions-at-valley-bank-women-in-business-4454369315,Join a team helping people make better financial decisions.,Valley Bank Women in Business,posted,2026-08-15T10:37:33.588470,487
2f892ae74a6c0860,https://gy.linkedin.com/jobs/view/support-services-at-hip-and-knee-unit-royal-national-orthopaedic-hospital-4452362707,Support Services,,scraped,2026-08-15T10:37:36.127916,
ec0efac81f9bddcd,https://gy.linkedin.com/jobs/view/%E0%A6%9A%E0%A6%BE%E0%A6%95%E0%A6%B0%E0%A6%BF-%E0%A6%A6%E0%A6%BF%E0%A6%9A%E0%A7%8D%E0%A6%9B%E0%A7%87-%E0%A6%8F%E0%A6%A8%E0%A6%B8%E0%A6%BF%E0%A6%B8%E0%A6%BF-%E0%A6%AC%E0%A7%8D%E0%A6%AF%E0%A6%BE%E0%A6%82%E0%A6%95-at-amader-shomoy-4452179981,চাকরি দিচ্ছে এনসিসি ব্যাংক,,scraped,2026-08-15T10:37:42.549632,
b2da62f87eef8cf2,https://gy.linkedin.com/jobs/view/%E0%A6%AC%E0%A6%BF%E0%A6%AE%E0%A6%BE%E0%A6%A8%E0%A6%AC%E0%A6%BE%E0%A6%B9%E0%A6%BF%E0%A6%A8%E0%A7%80%E0%A6%A4%E0%A7%87-%E0%A6%85%E0%A6%AB%E0%A6%BF%E0%A6%B8%E0%A6%BE%E0%A6%B0-%E0%A6%95%E0%A7%8D%E0%A6%AF%E0%A6%BE%E0%A6%A1%E0%A7%87%E0%A6%9F-%E0%A6%AA%E0%A6%A6%E0%A7%87-%E0%A6%9A%E0%A6%BE%E0%A6%95%E0%A6%B0%E0%A6%BF-at-amader-shomoy-4453058448,বিমানবাহিনীতে অফিসার ক্যাডেট পদে চাকরি,,scraped,2026-08-15T10:37:49.390704,
aae7a51fcf52eac2,https://gy.linkedin.com/jobs/view/proud-poppy-collapses-into-administration-amid-store-closures-at-inside-retail-australia-4452141284,Proud Poppy collapses into administration amid store closures,,scraped,2026-08-15T10:37:58.700079,
c0b5dc418c4ba149,https://gy.linkedin.com/jobs/view/disciplinary-grievance-at-p3-people-management-ltd-outsourced-hr-experts-for-smes-4450979093,Disciplinary & Grievance,,scraped,2026-08-15T10:38:10.228068,
45cd46dcd1ca97b0,https://gy.linkedin.com/jobs/view/information-and-communication-technology-associate-at-iom-un-migration-4453370230,Information and Communication Technology Associate,IOM - UN Migration,posted,2026-08-15T10:38:29.959152,677
13a8e3de1492d5ca,https://gy.linkedin.com/jobs/view/operations-administrator-at-nts-amega-global-4454041821,Operations Administrator,,scraped,2026-08-15T10:38:36.563044,
a12317f1ba90da74,https://gy.linkedin.com/jobs/view/ex-inspector-at-sbm-offshore-n-v-4454886553,EX Inspector,SBM Offshore N.V.,posted,2026-08-15T10:38:51.121112,679
f4bfe8d8871b8fa2,https://gy.linkedin.com/jobs/view/administrative-coordinator-guyana-at-blue-water-shipping-4454570673,Administrative Coordinator (Guyana),,scraped,2026-08-15T10:38:57.642504,
21071136d1199530,https://gy.linkedin.com/jobs/view/human-resources-assistant-guyana-at-blue-water-shipping-4454559794,Human Resources Assistant (Guyana),,scraped,2026-08-15T10:39:06.743951,
20ce1a81efdc1f77,https://gy.linkedin.com/jobs/view/motor-department-manager-at-abdool-abdool-inc-4451931157,Motor Department Manager,,scraped,2026-08-15T10:39:15.566345,
b7f7023622201654,https://gy.linkedin.com/jobs/view/no-26-4-02058-5-notice-to-creditors-at-tacoma-daily-index-4453795897,NO. 26-4-02058-5- NOTICE TO CREDITORS,Tacoma Daily Index,posted,2026-08-15T10:39:40.145056,681
4c0f60f74cff93f0,https://gy.linkedin.com/jobs/view/ai-and-transport-digital-transformation-consultant-at-inter-american-development-bank-4451288534,AI and Transport Digital Transformation Consultant,Inter-American Development Bank,posted,2026-08-15T10:39:48.424103,683
478c5c049d2d95fa,https://gy.linkedin.com/jobs/view/communications-specialist-at-airswift-4444432307,Communications Specialist,Airswift,posted,2026-08-15T10:39:56.612115,685
fb4f2252d1ce6f8e,https://gy.linkedin.com/jobs/view/riggers-%E2%80%93-short-term-project-at-core-group-resources-4453593135,Riggers – Short-Term Project,Core Group Resources,posted,2026-08-15T10:40:05.212014,687
323d52197aafbcb3,https://gy.linkedin.com/jobs/view/freelance-at-firstsource-4452399024,Freelance,,scraped,2026-08-15T10:40:07.783109,
1f45a305214538e8,https://gy.linkedin.com/jobs/view/social-services-assistant-at-pikes-peak-post-acute-4454847244,Social Services Assistant,Pikes Peak Post Acute,posted,2026-08-15T10:40:22.086437,689
0ecd9f340ba4470c,https://gy.linkedin.com/jobs/view/physical-therapist-pt-at-pikes-peak-post-acute-4453046101,Physical Therapist - PT,Pikes Peak Post Acute,posted,2026-08-15T10:40:30.940630,691
bf7d99d293f68185,https://gy.linkedin.com/jobs/view/%E0%A6%85%E0%A6%AD%E0%A6%BF%E0%A6%9C%E0%A7%8D%E0%A6%9E%E0%A6%A4%E0%A6%BE-%E0%A6%9B%E0%A6%BE%E0%A6%A1%E0%A6%BC%E0%A6%BE%E0%A6%87-%E0%A7%A7%E0%A7%A6%E0%A7%A6-%E0%A6%9C%E0%A6%A8%E0%A6%95%E0%A7%87-%E0%A6%9A%E0%A6%BE%E0%A6%95%E0%A6%B0%E0%A6%BF-%E0%A6%A6%E0%A7%87%E0%A6%AC%E0%A7%87-%E0%A6%86%E0%A6%B0%E0%A6%8F%E0%A6%AB%E0%A6%8F%E0%A6%B2-at-amader-shomoy-4450888264,অভিজ্ঞতা ছাড়াই ১০০ জনকে চাকরি দেবে আরএফএল,,scraped,2026-08-15T10:40:33.390694,
b597bccd0ebb007a,https://gy.linkedin.com/jobs/view/%E0%A6%8F%E0%A6%87%E0%A6%9A%E0%A6%8F%E0%A6%B8%E0%A6%B8%E0%A6%BF-%E0%A6%AA%E0%A6%BE%E0%A6%B8%E0%A7%87%E0%A6%87-%E0%A7%A8%E0%A7%AB%E0%A7%A6-%E0%A6%9C%E0%A6%A8%E0%A6%95%E0%A7%87-%E0%A6%9A%E0%A6%BE%E0%A6%95%E0%A6%B0%E0%A6%BF-%E0%A6%A6%E0%A6%BF%E0%A6%9A%E0%A7%8D%E0%A6%9B%E0%A7%87-%E0%A6%86%E0%A6%AC%E0%A7%81%E0%A6%B2-%E0%A6%96%E0%A6%BE%E0%A6%AF%E0%A6%BC%E0%A7%87%E0%A6%B0-%E0%A6%97%E0%A7%8D%E0%A6%B0%E0%A7%81%E0%A6%AA-at-amader-shomoy-4452723794,এইচএসসি পাসেই ২৫০ জনকে চাকরি দিচ্ছে আবুল খায়ের গ্রুপ,,scraped,2026-08-15T10:40:40.237038,
ec5f1ecfed338cc4,https://gy.linkedin.com/jobs/view/%E0%A6%A8%E0%A6%B0%E0%A7%8D%E0%A6%A5-%E0%A6%B8%E0%A6%BE%E0%A6%89%E0%A6%A5-%E0%A6%AC%E0%A6%BF%E0%A6%B6%E0%A7%8D%E0%A6%AC%E0%A6%AC%E0%A6%BF%E0%A6%A6%E0%A7%8D%E0%A6%AF%E0%A6%BE%E0%A6%B2%E0%A6%AF%E0%A6%BC%E0%A7%87-%E0%A6%9A%E0%A6%BE%E0%A6%95%E0%A6%B0%E0%A6%BF%E0%A6%B0-%E0%A6%B8%E0%A7%81%E0%A6%AF%E0%A7%8B%E0%A6%97-%E0%A6%AA%E0%A6%A6-%E0%A7%A7%E0%A7%AF-at-amader-shomoy-4451101489,"নর্থ সাউথ বিশ্ববিদ্যালয়ে চাকরির সুযোগ, পদ ১৯",,scraped,2026-08-15T10:40:47.057597,
37fffb236c88b979,https://gy.linkedin.com/jobs/view/%E0%A6%B8%E0%A7%8D%E0%A6%A8%E0%A6%BE%E0%A6%A4%E0%A6%95-%E0%A6%AA%E0%A6%BE%E0%A6%B6%E0%A7%87-%E0%A6%AE%E0%A7%8D%E0%A6%AF%E0%A6%BE%E0%A6%A8%E0%A7%87%E0%A6%9C%E0%A6%BE%E0%A6%B0-%E0%A6%A8%E0%A6%BF%E0%A6%AF%E0%A6%BC%E0%A7%8B%E0%A6%97-%E0%A6%A6%E0%A7%87%E0%A6%AC%E0%A7%87-%E0%A6%B8%E0%A6%BF%E0%A6%99%E0%A7%8D%E0%A6%97%E0%A6%BE%E0%A6%B0-%E0%A6%AA%E0%A6%A6-%E0%A7%A9%E0%A7%A6-at-amader-shomoy-4452728467,"স্নাতক পাশে ম্যানেজার নিয়োগ দেবে সিঙ্গার, পদ ৩০",,scraped,2026-08-15T10:40:53.921715,
8d1b89ff27498b72,https://gy.linkedin.com/jobs/view/ban-%C4%91i%E1%BB%81u-h%C3%A0nh-c%C3%B4ng-tr%C6%B0%E1%BB%9Dng-long-ph%C3%BA-1-chuy%C3%AAn-vi%C3%AAn-qu%E1%BA%A3n-l%C3%BD-thi%E1%BA%BFt-k%E1%BA%BF-c%C6%A1-kh%C3%AD-at-c%C3%B4ng-ty-cp-t%E1%BA%ADp-%C4%91o%C3%A0n-th%C3%A1i-b%C3%ACnh-d%C6%B0%C6%A1ng-pacific-corporation-4449569246,[Ban Điều hành công trường Long Phú 1] Chuyên viên Quản lý Thiết kế - Cơ khí,,scraped,2026-08-15T10:41:00.922533,
33c25338420fd50c,https://gy.linkedin.com/jobs/view/gp-operator-ordinary-seaman-at-sbm-offshore-4451691450,GP Operator Ordinary Seaman,,scraped,2026-08-15T10:41:09.097267,
312be016ed27a1e6,https://gy.linkedin.com/jobs/view/welder-at-nts-amega-global-4454041808,Welder,,scraped,2026-08-15T10:41:24.023815,
9823196328d2f142,https://gy.linkedin.com/jobs/view/patient-services-representative-at-tidelands-health-4454558492,Patient Services Representative,Tidelands Health,posted,2026-08-17T10:48:05.466228,693
1a29247d06200807,https://gy.linkedin.com/jobs/view/supply-chain-coordinator-at-frederic-schad-4454527308,Supply Chain Coordinator,Frederic Schad,posted,2026-08-17T10:48:58.356770,695
e0007ee75a5439b6,https://gy.linkedin.com/jobs/view/quality-experienced-professional-business-process-management-at-baker-hughes-4452656421,Quality Experienced Professional - Business Process Management,Baker Hughes,posted,2026-08-17T10:49:13.833037,697
98dd64b07bca3b86,https://gy.linkedin.com/jobs/view/well-site-coordinator-at-slb-4449854624,Well Site Coordinator,SLB,posted,2026-08-17T10:49:25.116378,699
912237e2ff84a10f,https://gy.linkedin.com/jobs/view/customer-service-representative-at-outsource-staffing-solutions-inc-4453139654,Customer Service Representative,Outsource Staffing Solutions Inc.,posted,2026-08-17T10:49:34.080344,701
5d3441d266d7feb1,https://gy.linkedin.com/jobs/view/cnc-machinist-at-nts-amega-global-4454044600,CNC Machinist,,scraped,2026-08-17T10:49:36.708280,
bfcdb0d4aed9e414,https://gy.linkedin.com/jobs/view/parts-manager-guyana-at-gt-automotive-guyana-4453014819,Parts manager guyana,,scraped,2026-08-17T10:49:45.528249,
d8b339469da70bb4,https://gy.linkedin.com/jobs/view/maintenance-technician-at-sure-gig-inc-4454556113,Maintenance Technician,,scraped,2026-08-17T10:49:53.450660,
9444951ae841dd0a,https://gy.linkedin.com/jobs/view/technical-support-representative-alarm-security-company-at-elevate-calls-inc-4453705027,Technical Support Representative (Alarm Security Company),,scraped,2026-08-17T10:50:00.034319,
1f5fb24de16897a8,https://gy.linkedin.com/jobs/view/programme-support-associate-at-iom-un-migration-4454353773,Programme Support Associate,IOM - UN Migration,posted,2026-08-17T10:50:32.378463,703
2586e4bc4b7ceb0e,https://gy.linkedin.com/jobs/view/mechanical-technician-at-sbm-offshore-4359029128,Mechanical Technician,,scraped,2026-08-17T10:50:34.975746,
09fad3517a0d25ac,https://gy.linkedin.com/jobs/view/oko-west-gold-project-geo-technician-at-g-mining-ventures-corp-4450164121,Oko West Gold Project-Geo technician,,scraped,2026-08-17T10:50:42.698283,
5e0ecb556e887271,https://gy.linkedin.com/jobs/view/no-26-4-02058-5-notice-to-creditors-at-tacoma-daily-index-4454254266,NO. 26-4-02058-5- NOTICE TO CREDITORS,Tacoma Daily Index,posted,2026-08-17T10:50:59.970628,681
ef5f4876481c55e4,https://gy.linkedin.com/jobs/view/idb-invest-legal-officer-corporate-and-infrastructure-legal-division-at-idb-invest-4451225491,IDB Invest - Legal Officer  - Corporate and Infrastructure Legal Division,IDB Invest,posted,2026-08-17T10:51:10.299177,705
caee13f80ea18d3d,https://gy.linkedin.com/jobs/view/mec%C3%A2nico-para-cabo-verde-at-tecnovia-sociedade-de-empreitadas-s-a-4455222424,MECÂNICO PARA CABO VERDE,,scraped,2026-08-17T10:51:12.853811,
89108285c747bccb,https://gy.linkedin.com/jobs/view/it-procurement-partner-hardware-software-french-speaker-at-azqore-sa-4451948411,IT Procurement Partner (Hardware & Software) - French speaker,,scraped,2026-08-17T10:51:21.987648,
4c7521472a045f7b,https://gy.linkedin.com/jobs/view/fractional-hr-director-at-dw-hr-solutions-ltd-4455229909,Fractional HR Director,,scraped,2026-08-17T10:51:29.764522,
a782ef6326e4fbc5,https://gy.linkedin.com/jobs/view/employe-commercial-h-f-at-bricomarch%C3%A9-segr%C3%A9-en-anjou-bleu-4452246325,EMPLOYE COMMERCIAL (H/F),,scraped,2026-08-17T10:51:37.064702,
da020b56e6637369,https://gy.linkedin.com/jobs/view/preparateur-drive-h-f-at-bricomarch%C3%A9-segr%C3%A9-en-anjou-bleu-4452225513,PREPARATEUR DRIVE (H/F),,scraped,2026-08-17T10:51:43.887879,
660f1cb23017c42e,https://gy.linkedin.com/jobs/view/senior-flask%2Breact-fullstack-developer-remote-latin-america-at-bluelight-4455221282,"Senior Flask+React Fullstack Developer - Remote, Latin America",Bluelight,posted,2026-08-17T10:51:58.776026,707
c1d49338f924b686,https://gy.linkedin.com/jobs/view/verpleegkundige-intensive-care-kinderen-en-of-intensive-care-volwassenen-at-luvacs-lumc-expert-center-for-lupus-vasculitis-and-complement-mediated-systemic-diseases-4455140953,Verpleegkundige Intensive Care Kinderen en/of Intensive Care Volwassenen,"LuVaCs - LUMC Expert Center for Lupus-, Vasculitis- and Complement-mediated Systemic Diseases",posted,2026-08-17T10:52:03.433968,621
c866e24f8c40389c,https://gy.linkedin.com/jobs/view/tax-staff-at-ey-4454941157,Tax Staff,EY,posted,2026-08-19T10:45:23.407615,709
7204299b086e0711,https://gy.linkedin.com/jobs/view/foundation-coordinator-donor-relations-at-johns-hopkins-all-children-s-hospital-4455317260,Foundation Coordinator (Donor Relations),Johns Hopkins All Children's Hospital,posted,2026-08-19T10:45:33.013533,711
7e9d90754ad67cb0,https://gy.linkedin.com/jobs/view/tax-staff-pas-at-ey-4454928888,Tax Staff (PAS),EY,posted,2026-08-19T10:45:44.414101,713
9ea48d91a340c7e7,https://gy.linkedin.com/jobs/view/junior-account-executive-at-rns-insurance-brokers-and-consultants-4455727357,Junior Account Executive,RNS Insurance Brokers and Consultants,posted,2026-08-19T10:45:54.711940,715
4876939f88519c72,https://gy.linkedin.com/jobs/view/parent-partnership-coordinator-at-vinschool-4455289705,PARENT PARTNERSHIP COORDINATOR,,scraped,2026-08-19T10:45:57.335342,
68fab655de8375d8,https://gy.linkedin.com/jobs/view/retail-sales-executive-at-digicel-group-4450865066,Retail Sales Executive,,scraped,2026-08-19T10:46:17.130904,
08b101d3ea978179,https://gy.linkedin.com/jobs/view/it-security-project-manager-at-seal-group-4454019888,IT / Security Project Manager,,scraped,2026-08-19T10:46:27.820102,
7f5456f8d119177e,https://gy.linkedin.com/jobs/view/sr-director-talent-acquisition-at-qualfon-4454970709,"SR. DIRECTOR, TALENT ACQUISITION",Qualfon,posted,2026-08-19T10:46:44.686039,717
c253f0d12dadeaef,https://gy.linkedin.com/jobs/view/gp-operator-ordinary-seaman-at-sbm-offshore-n-v-4456184464,GP Operator Ordinary Seaman,SBM Offshore N.V.,posted,2026-08-19T10:46:54.457794,719
fcd4434222756745,https://gy.linkedin.com/jobs/view/teacher-assistant-special-education-at-davis-school-district-4455780627,Teacher Assistant - Special Education,Davis School District,posted,2026-08-19T10:47:01.167999,405
cf8e57c6717118db,https://gy.linkedin.com/jobs/view/behavioral-health-technician-at-the-wood-group-behavioral-health-services-4454416969,Behavioral Health Technician,The Wood Group Behavioral Health Services,posted,2026-08-19T10:47:16.257743,721
01d1ea9216f2faaf,https://gy.linkedin.com/jobs/view/inpatient-app-in-at-galaxy-ehr-4455292620,Inpatient APP in,Galaxy EHR,posted,2026-08-19T10:47:25.695214,723
f756188378002ea2,https://gy.linkedin.com/jobs/view/inside-sales-and-parts-manager-at-air-power-solutions-4454936982,Inside Sales And Parts Manager,Air Power Solutions,posted,2026-08-19T10:47:34.946859,725
81e2075ada67a1dc,https://gy.linkedin.com/jobs/view/face-deduplication-collection-project-at-telus-digital-ai-data-solutions-4454398692,Face Deduplication Collection Project,TELUS Digital AI Data Solutions,posted,2026-08-19T10:47:43.044874,727
21ce7ef6e2908164,https://gy.linkedin.com/jobs/view/part-time-custodian-at-davis-school-district-4455785514,Part Time Custodian,Davis School District,posted,2026-08-19T10:47:49.784963,671
15f73c724cfa618e,https://gy.linkedin.com/jobs/view/support-worker-adult-service-at-learning-skills-4452244441,Support Worker - Adult Service,,scraped,2026-08-19T10:47:54.364736,
df1f724184027547,https://gy.linkedin.com/jobs/view/oko-west-mechanical-material-coordinator-at-g-mining-ventures-corp-4450169072,Oko West - Mechanical Material Coordinator,,scraped,2026-08-19T10:48:07.194712,
50d3701fa9a982e0,https://gy.linkedin.com/jobs/view/pt-registered-nurse-at-pikes-peak-post-acute-4454351503,PT Registered Nurse,Pikes Peak Post Acute,posted,2026-08-19T10:48:21.229960,729
3dc78d5ed093f1c9,https://gy.linkedin.com/jobs/view/scheduler-staffing-coordinator-at-pikes-peak-post-acute-4456421934,Scheduler/Staffing Coordinator,Pikes Peak Post Acute,posted,2026-08-21T10:45:44.455699,731
515f8a46139f5d2b,https://gy.linkedin.com/jobs/view/oko-west-blaster-at-g-mining-ventures-corp-4453497213,Oko West - Blaster,,scraped,2026-08-21T10:45:53.050687,
cff6b59f07017a15,https://gy.linkedin.com/jobs/view/consultant-at-compugroup-medical-se-co-kgaa-4456032583,Consultant,,scraped,2026-08-21T10:46:09.690605,
3ad671ac69694d3d,https://gy.linkedin.com/jobs/view/managing-director-at-airswift-4456318145,Managing Director,Airswift,posted,2026-08-21T10:46:26.349284,733
e477ade4e9216ee6,https://gy.linkedin.com/jobs/view/lpn-at-phoenix-senior-living-4452533336,LPN,Phoenix Senior Living,posted,2026-08-21T10:46:35.293615,407
f11a159769341ac1,https://gy.linkedin.com/jobs/view/senior-information-management-associate-at-iom-un-migration-4455298725,Senior Information Management Associate,IOM - UN Migration,posted,2026-08-21T10:46:48.213278,735
74a3c2ed3df3f7a2,https://gy.linkedin.com/jobs/view/unit-manager-adon-lpn-at-pikes-peak-post-acute-4455285513,Unit Manager/ADON LPN,Pikes Peak Post Acute,posted,2026-08-21T10:46:57.390711,737
0a7ad5d2cc7feb32,https://gy.linkedin.com/jobs/view/welder-%E2%80%93-short-term-marine-repair-at-core-group-resources-4456042733,Welder – Short-Term Marine Repair,Core Group Resources,posted,2026-08-21T10:47:06.645133,739
58fbca3a7b97409a,https://gy.linkedin.com/jobs/view/support-services-analyst-i-at-global-edge-group-4456369638,Support Services Analyst I,Global Edge Group,posted,2026-08-21T10:47:11.413529,475
fe68185f61db396b,https://gy.linkedin.com/jobs/view/project-supervisor-contractors-architects-and-civil-engineers-in-guyana-temporary-at-a-igreja-de-jesus-cristo-dos-santos-dos-%C3%BAltimos-dias-4457068462,Project Supervisor Contractors - Architects and Civil Engineers in Guyana- TEMPORARY,,scraped,2026-08-21T10:47:13.905457,
3776ff1b48f61427,https://gy.linkedin.com/jobs/view/life-support-intern-at-colorado-state-university-environmental-learning-center-4455486348,Life Support Intern,Colorado State University Environmental Learning Center,posted,2026-08-21T10:47:27.445140,741
de89d152c92ea584,https://gy.linkedin.com/jobs/view/qa-analyst-at-topaz-4453415859,QA Analyst,Topaz,posted,2026-08-21T10:47:39.772699,743
54cd6e2682233917,https://gy.linkedin.com/jobs/view/tax-senior-pas-at-ey-4452839387,Tax Senior (PAS),EY,posted,2026-08-21T10:47:50.608689,745
07235340082ff23c,https://gy.linkedin.com/jobs/view/developer-analyst-backend-at-topaz-4453424769,Developer Analyst (Backend),Topaz,posted,2026-08-21T10:48:01.005797,747
daa1d4e1d0ab4c63,https://gy.linkedin.com/jobs/view/trainee-accountant-global-accounting-at-states-of-guernsey-4456294839,Trainee Accountant- Global Accounting,,scraped,2026-08-23T10:37:47.814327,
a8b3abaae01f2ec7,https://gy.linkedin.com/jobs/view/associate-accounting-at-qualfon-4455457328,"ASSOCIATE, ACCOUNTING",Qualfon,posted,2026-08-23T10:38:17.767829,749
20c97ac87a121b29,https://gy.linkedin.com/jobs/view/human-resources-compliance-officer-at-cca-guyana-inc-4457386457,Human Resources & Compliance Officer,,scraped,2026-08-23T10:38:22.422330,
ef0aaa317a0ff01f,https://gy.linkedin.com/jobs/view/administrative-officer-at-global-medica-4457005215,Administrative Officer,,scraped,2026-08-23T10:38:28.743947,
d6d948b907a8962d,https://gy.linkedin.com/jobs/view/pec-consultant-consultant-for-analysis-and-comparison-of-education-models-at-inter-american-development-bank-4454157365,PEC Consultant - Consultant for Analysis and Comparison of Education Models,Inter-American Development Bank,posted,2026-08-23T10:38:46.926650,751
74bc8514529e9439,https://gy.linkedin.com/jobs/view/operations-brand-manager-at-royal-castle-guyana-4456332120,Operations / Brand Manager,,scraped,2026-08-23T10:38:51.583544,
6b324ec28288165a,https://gy.linkedin.com/jobs/view/customer-service-representative-at-gulf-engineering-services-4457302889,Customer Service Representative,,scraped,2026-08-23T10:38:59.560738,
80136b7313a41bcc,https://gy.linkedin.com/jobs/view/maintenance-specialist-mechanical-at-sbm-offshore-n-v-4457888744,Maintenance Specialist - Mechanical,SBM Offshore N.V.,posted,2026-08-23T10:39:25.463917,753
22353b099b42f756,https://gy.linkedin.com/jobs/view/maintenance-technician-at-sbm-offshore-4456229345,Maintenance Technician,,scraped,2026-08-23T10:39:27.920630,
36514a03e17db28b,https://gy.linkedin.com/jobs/view/housekeeper-at-pikes-peak-post-acute-4458549602,Housekeeper,Pikes Peak Post Acute,posted,2026-08-25T10:49:39.254172,226
50589cc22ea94857,https://gy.linkedin.com/jobs/view/operational-planning-support-at-zdeno-solutions-llc-4458589933,Operational Planning Support,"Zdeno Solutions, LLC",posted,2026-08-25T10:49:49.111491,755
fc971c930c989854,https://gy.linkedin.com/jobs/view/strategic-and-policy-support-two-2-positions-at-zdeno-solutions-llc-4458582991,Strategic and Policy Support Two (2) Positions,"Zdeno Solutions, LLC",posted,2026-08-25T10:50:00.736490,757
856b2b019d7a65c1,https://gy.linkedin.com/jobs/view/supply-chain-coord-at-frederic-schad-4458186753,Supply Chain Coord,Frederic Schad,posted,2026-08-25T10:50:49.622172,759
4fdba95ebe565742,https://gy.linkedin.com/jobs/view/executive-park-operations-rainforest-wild-adventure-west-at-mandai-wildlife-group-4457088070,"Executive, Park Operations - Rainforest Wild Adventure WEST",,scraped,2026-08-25T10:50:58.434455,
c299c147160da43a,https://gy.linkedin.com/jobs/view/production-technician-at-sbm-offshore-n-v-4458710634,Production Technician,SBM Offshore N.V.,posted,2026-08-25T10:51:12.308389,761
aaf310619666075f,https://gy.linkedin.com/jobs/view/recruitment-business-partner-at-dcspine-4456211797,Recruitment Business Partner,DCspine,posted,2026-08-25T10:51:27.091512,763
7f88ef17c305108a,https://gy.linkedin.com/jobs/view/field-service-technician-at-seal-group-4458213012,Field Service Technician,,scraped,2026-08-25T10:51:29.559145,
aff89228ed64f719,https://gy.linkedin.com/jobs/view/ubuntu-linux-user-for-ai-data-training-at-sme-careers-4431375577,Ubuntu/Linux User for AI Data Training,SME Careers,posted,2026-08-25T10:51:57.530534,765
26afc69e9817e63c,https://gy.linkedin.com/jobs/view/senior-events-specialist-at-johns-hopkins-all-children-s-hospital-4458511045,Senior Events Specialist,Johns Hopkins All Children's Hospital,posted,2026-08-25T10:52:07.580965,767
155df6e0a1beb3e9,https://gy.linkedin.com/jobs/view/events-specialist-at-johns-hopkins-all-children-s-hospital-4458513050,Events Specialist,Johns Hopkins All Children's Hospital,posted,2026-08-25T10:52:19.681863,769
9375d54fded03260,https://gy.linkedin.com/jobs/view/developer-analyst-mobile-at-topaz-4452859812,Developer Analyst (Mobile),Topaz,posted,2026-08-25T10:52:40.449428,771
b87e5a3dc3d80d60,https://gy.linkedin.com/jobs/view/sr-business-analyst-at-topaz-4454610092,Sr Business Analyst,Topaz,posted,2026-08-25T10:52:52.104606,773
04a662be221d0f33,https://gy.linkedin.com/jobs/view/full-stack-laravel-%2B-react-developer-remote-latin-america-at-bluelight-4458589235,"Full Stack Laravel + React Developer - Remote, Latin America",Bluelight,posted,2026-08-25T10:53:00.975995,775
9a39873e5a8bd3c7,https://gy.linkedin.com/jobs/view/full-stack-laravel-%2B-react-developer-remote-latin-america-at-bluelight-4458589250,"Full Stack Laravel + React Developer - Remote, Latin America",Bluelight,posted,2026-08-25T10:53:05.767237,775
0a3158dc58d5610a,https://gy.linkedin.com/jobs/view/sr-developer-analyst-backend-at-topaz-4453415854,Sr Developer Analyst (Backend),Topaz,posted,2026-08-25T10:53:16.968748,777
0c211e77c24429d4,https://gy.linkedin.com/jobs/view/sr-developer-analyst-backend-at-topaz-4453412870,Sr Developer Analyst (Backend),Topaz,scraped,2026-08-25T10:53:22.654601,
7db63cf52f77e498,https://gy.linkedin.com/jobs/view/sr-developer-analyst-frontend-at-topaz-4453429774,Sr Developer Analyst (Frontend),Topaz,posted,2026-08-25T10:53:32.955124,779
84181a8144ec5484,https://gy.linkedin.com/jobs/view/procurement-officer-at-airswift-4458296579,Procurement Officer,Airswift,posted,2026-08-25T10:53:37.731183,110
8aa073e241f013e8,https://gy.linkedin.com/jobs/view/chapter-support-coordinator-at-phi-delta-theta-missouri-beta-4459042806,Chapter Support Coordinator,Phi Delta Theta - Missouri Beta,posted,2026-08-27T20:29:25.461350,781
7806d56d9e773f5a,https://gy.linkedin.com/jobs/view/georgetown-guyana-entry-level-logistics-specialist-supply-chain-management-at-halliburton-4458655543,Georgetown - Guyana: Entry Level Logistics Specialist- Supply Chain Management,Halliburton,posted,2026-08-27T20:29:35.314873,783
a02be8f0dfed5ea1,https://gy.linkedin.com/jobs/view/supply-chain-coordinator-at-frederic-schad-4459690615,Supply Chain Coordinator,Frederic Schad,posted,2026-08-27T20:30:17.450200,695
311263603c5ca64e,https://gy.linkedin.com/jobs/view/technical-support-specialist-at-gq-global-4456951592,Technical Support Specialist,GQ Global,posted,2026-08-27T20:30:27.213124,785
4f22a7de985fca6c,https://gy.linkedin.com/jobs/view/idb-invest-development-impact-director-real-sector-operations-at-idb-invest-4458298614,IDB Invest - Development Impact Director - Real Sector Operations,IDB Invest,posted,2026-08-27T20:30:32.447631,607
00e2467862d6097f,https://gy.linkedin.com/jobs/view/senior-production-engineer-non-operating-at-mansource-4458751419,Senior Production Engineer (Non operating),,scraped,2026-08-27T20:30:34.961955,
4e3b9df5fd1d2a52,https://gy.linkedin.com/jobs/view/idb-invest-asset-liability-management-consultant-at-idb-invest-4460100638,IDB Invest - Asset Liability Management Consultant,IDB Invest,posted,2026-08-27T20:30:52.711780,787
f783a7ef5674a559,https://gy.linkedin.com/jobs/view/technical-services-representative-at-baker-hughes-4457070321,Technical Services Representative,Baker Hughes,posted,2026-08-27T20:31:02.590164,789
08ab3c2ef5a0809a,https://gy.linkedin.com/jobs/view/hybrid-access-specialist-medical-support-staff-at-thunder-bay-community-health-service-inc-4460100506,Hybrid Access Specialist / Medical Support Staff,"Thunder Bay Community Health Service, Inc.",posted,2026-08-27T20:31:12.246886,791
e311c9caa8ad1a62,https://gy.linkedin.com/jobs/view/shampoo-technician-at-my-father-s-mustache-4457664459,SHAMPOO TECHNICIAN,My Father's Mustache,posted,2026-08-27T20:31:29.825220,793
d808d6d4cfc3a164,https://gy.linkedin.com/jobs/view/c%E1%BB%99ng-t%C3%A1c-vi%C3%AAn-ph%C3%B2ng-gi%C3%A1o-v%E1%BB%A5-vinschool-qu%E1%BA%ADn-1-at-vinschool-4459303475,Cộng tác viên Phòng Giáo vụ - Vinschool Quận 1,,scraped,2026-08-27T20:31:32.397897,
627656415201e331,https://gy.linkedin.com/jobs/view/procurement-supervisor-at-airswift-4457798762,Procurement Supervisor,Airswift,posted,2026-08-27T20:31:49.692943,795
369767a4843c880a,https://gy.linkedin.com/jobs/view/business-development-executive-at-giscad-group-of-companies-4458784361,Business Development Executive,,scraped,2026-08-29T15:03:24.569133,
ef63696a65cf3707,https://gy.linkedin.com/jobs/view/account-officer-at-totaltec-4459196887,Account Officer,,scraped,2026-08-29T15:03:37.637040,
313d9e4f79a343f2,https://gy.linkedin.com/jobs/view/outside-sales-at-fastsigns-espa%C3%B1a-4458692547,Outside Sales,FASTSIGNS España,posted,2026-08-29T15:03:52.200370,102
982ae85bcd6e2223,https://gy.linkedin.com/jobs/view/chief-operating-officer-at-nes-fircroft-4458295319,Chief Operating Officer,,scraped,2026-08-29T15:03:56.753396,
d796f254ba415cd6,https://gy.linkedin.com/jobs/view/accountant-at-airswift-4456918858,Accountant,Airswift,posted,2026-08-29T15:04:06.540136,285
d3ad5045ae313109,https://gy.linkedin.com/jobs/view/manager-%E2%80%93-vehicle-operations-at-skaleart-4458973215,Manager – Vehicle Operations,Skaleart,posted,2026-08-29T15:04:17.305246,797
c89b2d0d36f28a28,https://gy.linkedin.com/jobs/view/coating-technician-junior-at-core-group-resources-4449308122,Coating Technician Junior,Core Group Resources,posted,2026-08-29T15:04:30.575957,799
7fe89ab42a95e58a,https://gy.linkedin.com/jobs/view/senior-manager-talent-acquisition-at-qualfon-4457992929,"SENIOR MANAGER, TALENT ACQUISITION",Qualfon,posted,2026-08-29T15:04:43.443867,583
36e608ed6343937d,https://gy.linkedin.com/jobs/view/manager-vehicle-operations-at-eliv8labs-4458941525,Manager Vehicle Operations,,scraped,2026-08-29T15:04:48.026699,
1e658e24cde45bf3,https://gy.linkedin.com/jobs/view/clinic-services-program-assistant-full-time-and-part-time-at-animal-friends-4458302301,Clinic Services Program Assistant (Full-Time and Part-Time),Animal Friends,posted,2026-08-29T15:05:04.025821,801
07847fb49a96a738,https://gy.linkedin.com/jobs/view/face-deduplication-collection-at-telus-digital-4460381942,Face Deduplication Collection,,scraped,2026-08-29T15:05:08.742095,
716d617d5523524d,https://gy.linkedin.com/jobs/view/dishwasher-at-pikes-peak-post-acute-4458542890,Dishwasher,Pikes Peak Post Acute,posted,2026-08-29T15:05:22.593780,803
52fdd79a2b551da3,https://gy.linkedin.com/jobs/view/logistics-coordinator-i-at-global-edge-group-4459395204,Logistics Coordinator I,Global Edge Group,posted,2026-08-29T15:05:33.924050,805
9f4e359eddc96cc6,https://gy.linkedin.com/jobs/view/consultancy-development-of-pre-service-teachers-mental-health-manual-and-revision-of-curriculum-guyana-3-5-months-remote-work-from-home-at-unicef-chad-4455893833,"Consultancy - Development of pre-service teachers' mental health manual and revision of curriculum, Guyana, 3.5 Months (Remote/Work from home)",Unicef CHAD,posted,2026-08-29T15:05:48.166014,807
92fb6ef5a86e1b62,https://gy.linkedin.com/jobs/view/snoop-dogg%E2%80%99s-international-ice-cream-taster-at-dr-bombay-bosslady-foods-4457618104,Snoop Dogg’s International Ice Cream Taster,Dr.Bombay / Bosslady Foods,posted,2026-08-29T15:05:57.218710,809
0002cfb06d899057,https://gy.linkedin.com/jobs/view/cmt-at-pikes-peak-post-acute-4460143843,CMT,Pikes Peak Post Acute,posted,2026-08-29T15:06:07.563254,811
c207348c9c61666a,https://gy.linkedin.com/jobs/view/idb-invest-legal-officer-corporate-and-infrastructure-legal-division-at-idb-invest-4460110479,IDB Invest - Legal Officer  - Corporate and Infrastructure Legal Division,IDB Invest,posted,2026-08-29T15:06:14.282050,705
fd548a8c437432ed,https://gy.linkedin.com/jobs/view/senior-it-analyst-at-airswift-4460364034,Senior IT Analyst,Airswift,posted,2026-08-29T15:06:27.521847,813
a885d71792b546eb,https://gy.linkedin.com/jobs/view/be-proactive-and-apply%21-accountant-opportunities-in-guyana-at-sbm-offshore-n-v-4460887894,Be proactive and apply! Accountant opportunities in Guyana,SBM Offshore N.V.,posted,2026-08-31T17:36:57.097413,815
aac6530fe954a5cf,https://gy.linkedin.com/jobs/view/document-controller-at-ucc-holding-4461011614,Document Controller,,scraped,2026-08-31T17:37:05.646499,
80e8d5eb750a7ff6,https://gy.linkedin.com/jobs/view/senior-support-implementation-engineer-at-craft-silicon-4458499021,Senior Support & Implementation Engineer,,scraped,2026-08-31T17:37:30.294115,
c0cdb051158bdfaa,https://gy.linkedin.com/jobs/view/oko-gold-project-concrete-truck-operator-at-g-mining-ventures-corp-4458018787,OKO Gold Project - Concrete Truck Operator,,scraped,2026-08-31T17:37:41.562306,
edc0a03ffccd1b17,https://gy.linkedin.com/jobs/view/klantenservice-medewerker-30-4-38-uur-hoofdkantoor-den-haag-at-lucardi-juwelier-4459215842,"Klantenservice medewerker 30,4 - 38 uur | Hoofdkantoor Den Haag",,scraped,2026-08-31T17:37:57.924447,
584fd2598f0dff16,https://gy.linkedin.com/jobs/view/senior-it-analyst-at-airswift-4458021193,Senior IT Analyst,Airswift,posted,2026-08-31T17:38:14.764808,813
0bb8a84e454d5be0,https://gy.linkedin.com/jobs/view/laravel-developer-%2B-react-remote-latin-america-at-bluelight-4461015503,"Laravel Developer + React - Remote, Latin America",Bluelight,posted,2026-08-31T17:38:24.609731,817
4847f5cfc1ab6295,https://gy.linkedin.com/jobs/view/country-manager-power-generation-energy-at-ava-energy-4461731520,Country Manager (Power Generation/Energy),,scraped,2026-09-01T14:52:11.181703,
2925296dc27c683a,https://gy.linkedin.com/jobs/view/recruitment-business-partner-at-dcspine-4458623063,Recruitment Business Partner,DCspine,posted,2026-09-01T14:52:32.993477,763
73e82f8ef4186538,https://gy.linkedin.com/jobs/view/consumer-protection-officer-at-more-capital-4461713276,Consumer Protection Officer,,scraped,2026-09-01T14:52:41.638047,
4cf40130be3ff5ca,https://gy.linkedin.com/jobs/view/medewerker-logistiek-hoofdkantoor-den-haag-at-lucardi-juwelier-4459523871,Medewerker Logistiek | Hoofdkantoor Den Haag,,scraped,2026-09-01T14:53:00.708757,
c9186310287c9fc0,https://gy.linkedin.com/jobs/view/customer-acquisition-executive-interns-salem-at-the-muthoot-group-4459700979,Customer Acquisition Executive Interns (SALEM),The Muthoot Group,posted,2026-09-01T14:53:22.736648,819
102c20e5ea72729c,https://gy.linkedin.com/jobs/view/re-advertised-consultancy-development-of-pre-service-teachers-mental-health-manual-and-revision-of-curriculum-guyana-3-5-months-remote-at-unicef-bangladesh-4460225167,"(Re-advertised) - Consultancy - Development of pre-service teachers' mental health manual and revision of curriculum, Guyana, 3.5 Months (Remote)",,scraped,2026-09-01T14:53:27.498401,
2870968c3ff702e7,https://gy.linkedin.com/jobs/view/re-advertised-consultancy-development-of-pre-service-teachers-mental-health-manual-and-revision-of-curriculum-guyana-3-5-months-remote-at-unicef-chad-4459236386,"(Re-advertised) - Consultancy - Development of pre-service teachers' mental health manual and revision of curriculum, Guyana, 3.5 Months (Remote)",Unicef CHAD,posted,2026-09-01T14:53:46.911391,821
08b21799b0e723f3,https://gy.linkedin.com/jobs/view/community-staff-nurse-at-nhs-scotland-4460073042,Community Staff Nurse,,scraped,2026-09-01T14:53:51.643480,
00cb9039b5660017,https://gy.linkedin.com/jobs/view/re-advertised-consultancy-development-of-pre-service-teachers-mental-health-manual-and-revision-of-curriculum-guyana-3-5-months-remote-at-unicef-mk-4460056761,"(Re-advertised) - Consultancy - Development of pre-service teachers' mental health manual and revision of curriculum, Guyana, 3.5 Months (Remote)",,scraped,2026-09-01T14:53:59.485038,
f2b4447b5fbc9377,https://gy.linkedin.com/jobs/view/offshore-planner-at-brunel-4460052577,Offshore Planner,,scraped,2026-09-01T14:54:07.609574,
4564ab28e21b2a90,https://gy.linkedin.com/jobs/view/document-control-manager-at-ucc-holding-4461708314,Document Control Manager,,scraped,2026-09-01T14:54:14.939377,
95c08ebd8a1daf98,https://gy.linkedin.com/jobs/view/draftsman-at-ucc-holding-4461563805,Draftsman,,scraped,2026-09-01T14:54:24.107454,
dd62837670fb4bdc,https://gy.linkedin.com/jobs/view/office-administrator-at-ucc-holding-4461596936,Office Administrator,,scraped,2026-09-01T14:54:32.947380,
d3cf9de4764b027e,https://gy.linkedin.com/jobs/view/planning-engineer-at-ucc-holding-4461566493,Planning Engineer,,scraped,2026-09-01T14:54:39.905505,
88e3718cc45cdb83,https://gy.linkedin.com/jobs/view/project-health-safety-environment-manager-at-ucc-holding-4461557732,Project Health Safety Environment Manager,,scraped,2026-09-01T14:54:48.798811,
a3787f8ba7e918c2,https://gy.linkedin.com/jobs/view/accounting-manager-at-ucc-holding-4461774268,Accounting Manager,,scraped,2026-09-01T14:54:55.676527,
84773d2a84e79a48,https://gy.linkedin.com/jobs/view/human-resources-operations-manager-at-ucc-holding-4461558843,Human Resources Operations Manager,,scraped,2026-09-01T14:55:02.587191,
73d3c5dfd13e23dc,https://gy.linkedin.com/jobs/view/surveyor-at-ucc-holding-4461560841,Surveyor,,scraped,2026-09-03T14:32:52.988513,
a440d0950ca5d4cc,https://gy.linkedin.com/jobs/view/freight-forwarder-at-cs-world-cargo-2000-ltd-4461317395,Freight Forwarder,,scraped,2026-09-03T14:33:03.694534,
f9967e565b44693a,https://gy.linkedin.com/jobs/view/operations-coordinator-at-oceaneering-4460133349,Operations Coordinator,Oceaneering,posted,2026-09-03T14:33:19.006972,823
ea0557dbd2454df2,https://gy.linkedin.com/jobs/view/surveyor-i-at-american-bureau-of-shipping-abs-4459845726,Surveyor I,American Bureau of Shipping (ABS),posted,2026-09-03T14:33:25.883016,168
e191f1a71f412971,https://gy.linkedin.com/jobs/view/storeman-offshore-at-global-manpower-training-inc-4462181425,Storeman (Offshore),,scraped,2026-09-03T14:33:28.502903,
2d180719ea668dc8,https://gy.linkedin.com/jobs/view/wec-specialist-dd-at-slb-4459538616,WEC Specialist - DD,SLB,posted,2026-09-03T14:33:41.525986,825
6a5d95d98488e2a2,https://gy.linkedin.com/jobs/view/retail-sales-executive-at-digicel-group-4460437360,Retail Sales Executive,,scraped,2026-09-03T14:33:44.155985,
5d148d1af761efe8,https://gy.linkedin.com/jobs/view/enablement-worker-at-nhs-ayrshire-arran-4459234591,Enablement Worker,,scraped,2026-09-03T14:33:50.842924,
cee267e5beab62ca,https://gy.linkedin.com/jobs/view/solutions-architect-at-beijing-foreign-enterprise-management-consultants-co-ltd-4462485714,Solutions Architect,"Beijing Foreign Enterprise Management Consultants Co.,Ltd.",posted,2026-09-03T14:34:03.952848,663
fd21127ed1167cf1,https://gy.linkedin.com/jobs/view/parts-assistant-at-fernandes-autohandel-n-v-4459537537,Parts Assistant,,scraped,2026-09-03T14:34:06.556605,
b2aa4682bf1115b4,https://gy.linkedin.com/jobs/view/vice-president-%E2%80%93-asset-management-research-at-thehivecareers-4461329653,Vice President – Asset Management & Research,TheHiveCareers,posted,2026-09-03T14:34:19.983420,827
0dfa0031e94b9a4a,https://gy.linkedin.com/jobs/view/aircraft-maintenance-engineer-4462425121,Aircraft Maintenance Engineer,LOC Air Inc.,posted,2026-09-03T14:34:27.280805,829
19918b0bf197a834,https://gy.linkedin.com/jobs/view/enablement-worker-at-nhs-scotland-4460054883,Enablement Worker,,scraped,2026-09-03T14:34:35.879780,
6dcf5b89d0f32b32,https://gy.linkedin.com/jobs/view/vendeur-cr%C3%A8merie-grand-frais-h-f-at-grand-frais-4458030375,Vendeur crèmerie Grand frais (H/F),,scraped,2026-09-03T14:34:42.799941,
a79f414eda9df57c,https://gy.linkedin.com/jobs/view/pec-consultant-research-department-res-macroeconomist-at-inter-american-development-bank-4459586426,PEC Consultant - Research Department (RES) Macroeconomist,Inter-American Development Bank,posted,2026-09-03T14:34:56.036570,831
6b45c179369d9fe9,https://gy.linkedin.com/jobs/view/hse-officer-at-brunel-4460291016,HSE Officer,,scraped,2026-09-03T14:34:58.648893,
56a5d75975554ba2,https://gy.linkedin.com/jobs/view/material-controller-at-sbm-offshore-4460656262,Material Controller,,scraped,2026-09-03T14:35:15.105246,
34ca834a83f00692,https://gy.linkedin.com/jobs/view/material-controller-at-sbm-offshore-n-v-4461703167,Material Controller,SBM Offshore N.V.,posted,2026-09-03T14:35:30.658074,833
b70b4479b3c635d3,https://gy.linkedin.com/jobs/view/material-controller-at-sbm-offshore-n-v-4462062387,Material Controller,SBM Offshore N.V.,scraped,2026-09-03T14:35:36.622506,
563c317752b53a1b,https://gy.linkedin.com/jobs/view/offshore-planner-at-airswift-4459236736,Offshore Planner,Airswift,posted,2026-09-03T14:35:55.542039,835
8ef97090a91073a6,https://gy.linkedin.com/jobs/view/offshore-planner-at-airswift-4461281602,Offshore planner,Airswift,scraped,2026-09-03T14:35:59.651333,
0acca526b6ab291d,https://gy.linkedin.com/jobs/view/oko-west-resource-geologist-at-g-mining-ventures-corp-4459559824,Oko West - Resource Geologist,,scraped,2026-09-03T14:36:02.203256,
35d8f5dc7afa3940,https://gy.linkedin.com/jobs/view/oko-west-analytical-laboratory-manager-at-g-mining-ventures-corp-4459553921,Oko West - Analytical Laboratory Manager,,scraped,2026-09-03T14:36:08.525000,
3ac84d72a39fd1c7,https://gy.linkedin.com/jobs/view/oko-west-mine-dispatcher-at-g-mining-ventures-corp-4459560774,Oko West - Mine Dispatcher,,scraped,2026-09-03T14:36:14.957563,
732f5136fcfb80c2,https://gy.linkedin.com/jobs/view/chief-executive-officer-ceo-at-thehivecareers-4461325684,Chief Executive Officer (CEO),TheHiveCareers,posted,2026-09-03T14:36:28.451521,837
